beta,gamma,eta,theta,Geo,RMSE,R2
54.7301481757719,0.25,0.006976229720993019,1.0,0.98,420.61031440223167,0.9440113383565024
