beta,betaEI,gamma,eta,theta,Geo,c1,RMSE,R2
50.0,0.13574068282958562,0.04,0.033918738028457754,1.0,0.98,0.9900000000000001,156.5449879539422,0.9930932551645912
