beta,betaEI,gamma,eta,theta,Geo,RMSE,R2
50.0,0.5,0.12713039529622103,0.00835086296706968,1.0,0.98,479.1159937032236,0.9353041514051031
