beta,betaEI,gamma,eta,theta,Geo,RMSE,R2
60.63098897778413,0.5,0.2,0.00851400272404796,1.0,0.98,456.19574250842936,0.9413460138493364
