beta,betaEI,gamma,eta,theta,Geo,c1,RMSE,R2
95.27400917790563,0.10283535515450559,0.04,0.02681737208386984,1.0,0.98,0.9900000000000001,144.44058688754475,0.9941200509174416
