beta,betaEI,gamma,eta,theta,Geo,c1,RMSE,R2
9.881589762646174,0.4837963071742256,0.1409135427181825,0.05,1.0,0.98,0.91,256.87198310847873,0.9932219464925864
