beta,gamma,eta,theta,Geo,RMSE,R2
28.41427525309199,0.2,0.0195783913546689,1.0,0.98,1372.1598036676046,0.9758043176109809
