beta,betaEI,gamma,eta,theta,Geo,c1,RMSE,R2
100.0,0.21388572087441557,0.09884884090480987,0.035666285929003144,1.0,0.98,0.9900000000000001,257.80799690420025,0.9991777037554714
