beta,betaEI,gamma,eta,theta,Geo,RMSE,R2
50.0,0.5,0.13132173638524197,0.01337313349832223,1.0,0.98,2453.465757536539,0.9255275674504417
