beta,betaEI,gamma,eta,theta,Geo,RMSE,R2
100.0,0.1188392780118848,0.04,0.01399797536490272,1.0,0.98,1931.7093227227952,0.9538343356886203
