beta,betaEI,gamma,eta,theta,Geo,c1,RMSE,R2
50.0,0.31150295066552885,0.08473715008442897,0.045273147696027784,1.0,0.98,0.9900000000000001,284.8680233754137,0.9989960248995783
