beta,gamma,eta,theta,Geo,RMSE,R2
17.477146052514318,0.2,0.01841773094008365,1.0,0.98,99.75121072108156,0.99254614552648
