beta,gamma,eta,theta,Geo,RMSE,R2
100.0,0.2,0.0034037046722324837,1.0,0.98,304.60145141282266,0.735114791337877
