beta,betaEI,gamma,eta,theta,Geo,c1,RMSE,R2
50.0,0.16982941103399954,0.04,0.0268165916031405,1.0,0.98,0.9900000000000001,100.3894000654047,0.9922351665920973
