beta,betaEI,gamma,eta,theta,Geo,RMSE,R2
50.0,0.5,0.04,0.005754276861974593,1.0,0.98,320.4911079147939,0.9208613944336334
