beta,betaEI,gamma,eta,theta,Geo,c1,RMSE,R2
100.0,0.1259903775746029,0.04,0.020439771257724292,1.0,0.98,0.9900000000000001,96.06642030545876,0.9928895081853041
