beta,betaEI,gamma,eta,theta,Geo,RMSE,R2
83.2443737234566,0.5,0.2,0.00600538205932685,1.0,0.98,267.1214818536753,0.9450238838483875
