beta,gamma,eta,theta,Geo,RMSE,R2
88.36619243349952,0.2,0.004650420040574415,1.0,0.98,36.509942480743966,0.9978793327033544
