beta,gamma,eta,theta,Geo,RMSE,R2
61.12038789582926,0.2,0.00909933918968383,1.0,0.98,1103.1339077929606,0.9561931580158451
