beta,betaEI,gamma,eta,theta,Geo,RMSE,R2
100.0,0.5,0.04,0.0025064811405224085,1.0,0.98,1593.097769580474,0.7233440408903581
