beta,betaEI,gamma,eta,theta,Geo,RMSE,R2
50.0,0.5,0.04,0.004384467130631727,1.0,0.98,2139.255464713474,0.5011379463742782
