beta,gamma,eta,theta,Geo,RMSE,R2
100.0,0.04,0.004097974084816584,1.0,0.98,173.2020303835726,0.9815946008069533
