beta,gamma,eta,theta,Geo,RMSE,R2
48.98125028185362,0.25,0.007340881804836178,1.0,0.98,1054.051976966119,0.9141933423059617
