beta,betaEI,gamma,eta,theta,Geo,RMSE,R2
83.22196477792254,0.5,0.2,0.0065534692072230045,1.0,0.98,289.863208431443,0.959227522882249
