beta,betaEI,gamma,eta,theta,Geo,RMSE,R2
50.0,0.5,0.04,0.006437086883939056,1.0,0.98,358.2737897788253,0.9377110538847873
