beta,betaEI,gamma,eta,theta,Geo,c1,RMSE,R2
30.643069185137772,0.25773249919478725,0.04,0.03406003546906574,1.0,0.98,0.9900000000000001,53.35685673432818,0.9986184666213527
