beta,gamma,eta,theta,Geo,RMSE,R2
43.51510612063988,0.2,0.01468946049907007,1.0,0.98,2707.428936741992,0.9516204523425819
