beta,gamma,eta,theta,Geo,RMSE,R2
33.53182873167766,0.2,0.016306128366863813,1.0,0.98,177.45188551773023,0.9933688545876468
