beta,gamma,eta,theta,Geo,RMSE,R2
100.0,0.04,0.002304229131743559,1.0,0.98,573.115456643092,0.8918432402856182
