beta,betaEI,gamma,eta,theta,Geo,c1,RMSE,R2
31.877162826585458,0.1,0.04,0.04273534612752662,1.0,0.98,0.9900000000000001,105.99821941481665,0.9981005751611088
