beta,betaEI,gamma,eta,theta,Geo,RMSE,R2
62.322669459767546,0.5,0.2,0.007723875837243565,1.0,0.98,425.0434514374704,0.9694584107506415
