beta,betaEI,gamma,eta,theta,Geo,RMSE,R2
50.0,0.5,0.10693794086868781,0.00726972962414934,1.0,0.98,458.4351503001355,0.9644711793033544
