beta,betaEI,gamma,eta,theta,Geo,c1,RMSE,R2
31.875912813211418,0.1,0.04,0.04273634372840268,1.0,0.98,0.9900000000000001,105.99821898303473,0.9981005751765835
