beta,betaEI,gamma,eta,theta,Geo,c1,RMSE,R2
71.06879899170397,0.1,0.04,0.03174802317272057,1.0,0.98,0.9900000000000001,86.52037367468141,0.9984669381394811
