beta,gamma,eta,theta,Geo,RMSE,R2
45.94716646049148,0.2,0.007793684439916298,1.0,0.98,220.24747216046578,0.9626252505475938
