beta,gamma,eta,theta,Geo,RMSE,R2
29.978625574435465,0.2,0.014036982415165565,1.0,0.98,250.48689220145403,0.97211133929581
