beta,gamma,eta,theta,Geo,RMSE,R2
21.258887055387497,0.2,0.02462899422142252,1.0,0.98,2875.4990824037823,0.9581997890330446
