beta,gamma,eta,theta,Geo,RMSE,R2
100.0,0.04,0.003163463632996636,1.0,0.98,14.265325931997195,0.9988829052714626
