beta,gamma,eta,theta,Geo,RMSE,R2
100.0,0.2,0.00461905553433487,1.0,0.98,318.10370245235464,0.796526279710896
