beta,gamma,eta,theta,Geo,RMSE,R2
33.19246581828148,0.25,0.011304537308137533,1.0,0.98,6100.721571026832,0.9387653383336175
