beta,gamma,gamma2,a1,a2,a3,h,Hiding_init,k,k2,eta,c1,metric1,metric2,r1,r2,reopen
4.795143220088951,0.04,0.05885763639943479,0.38276153617695535,0.04377095071336745,0.1259046708454212,0.009090387844440618,0.7724957113143117,0.1,1.6050191517422434,0.05,0.9,0.14613699139744724,4.6706870063505495,0.9981247291425076,0.9958093794737802,2020-06-04
