beta,gamma,gamma2,a1,a2,a3,h,Hiding_init,k,k2,eta,c1,metric1,metric2,r1,r2,reopen
7.121648059379049,0.04,0.04,0.3991729673992979,0.06276816491642859,0.17989624099996063,0.07142857142857142,0.4118972797130901,0.1,1.8852445887602314,0.0477820773357452,0.9700000000000001,0.0922369044857619,2.206947347689382,0.9965359220458874,0.9898065388246098,2020-06-03
