beta,betaEI,gamma,eta,theta,Geo,c1,RMSE,R2
100.0,0.1971604486367027,0.10351507385064139,0.05,1.0,0.98,0.9900000000000001,145.346148354371,0.9983144236630335
