beta,betaEI,gamma,eta,theta,Geo,RMSE,R2
50.0,0.15057689186761222,0.04,0.02316639221653997,1.0,0.98,789.773764259623,0.9502323910280901
