beta,betaEI,gamma,eta,theta,Geo,RMSE,R2
100.0,0.1,0.1502638059663568,0.02362610748418929,1.0,0.98,574.9038762262035,0.9736286814750524
