beta,gamma,eta,theta,Geo,RMSE,R2
87.08643309253657,0.2,0.005376292194834771,1.0,0.98,1078.338333585233,0.9576755444698438
