beta,betaEI,gamma,eta,theta,Geo,c1,RMSE,R2
50.0,0.5,0.04,0.014241255808489816,1.0,0.98,0.9900000000000001,99.31811995730904,0.9894240403288935
