beta,betaEI,gamma,eta,theta,Geo,c1,RMSE,R2
100.0,0.33996152467052193,0.04,0.010235319438805138,1.0,0.98,0.9900000000000001,95.94235517654796,0.9901307634920757
