beta,betaEI,gamma,eta,theta,Geo,c1,RMSE,R2
50.0,0.5,0.04595002443464223,0.015969250898281988,1.0,0.98,0.9900000000000001,105.92068432850398,0.9941537588879408
