beta,betaEI,gamma,eta,theta,Geo,c1,RMSE,R2
100.0,0.37865772743278847,0.04,0.0110767985330459,1.0,0.98,0.9900000000000001,95.21494569689605,0.9952758311155208
