beta,betaEI,gamma,eta,theta,Geo,c1,RMSE,R2
100.0,0.2589784946469995,0.04,0.02428427795991308,1.0,0.98,0.9900000000000001,78.45937979151083,0.9979695552012644
