beta,betaEI,gamma,eta,theta,Geo,c1,RMSE,R2
50.0,0.23138321557569888,0.04,0.024872312175811196,1.0,0.98,0.9900000000000001,154.3332261883233,0.9859777593918213
