beta,betaEI,gamma,eta,theta,Geo,c1,RMSE,R2
100.0,0.16790676716946334,0.04,0.018748045306946938,1.0,0.98,0.9900000000000001,148.93072361628703,0.9869422862260432
