beta,betaEI,gamma,eta,theta,Geo,RMSE,R2
50.0,0.5,0.04,0.00581801163293695,1.0,0.98,439.6638316485311,0.8862005858667792
