beta,betaEI,gamma,eta,theta,Geo,RMSE,R2
87.67895599338087,0.5,0.2,0.00584647161383873,1.0,0.98,371.6580044564956,0.9186822175675808
