beta,gamma,eta,theta,Geo,RMSE,R2
31.906543009987907,0.2,0.015080154280684079,1.0,0.98,2026.09499021071,0.9492126978882596
