beta,betaEI,gamma,eta,theta,Geo,c1,RMSE,R2
50.0,0.1444043801385637,0.04,0.020860755583542567,1.0,0.98,0.9900000000000001,598.462843717057,0.997339291599214
