beta,betaEI,gamma,eta,theta,Geo,c1,RMSE,R2
98.65489422391053,0.1,0.04,0.016152682256132662,1.0,0.98,0.9900000000000001,519.3163404602366,0.9979965114114494
