beta,gamma,eta,theta,Geo,RMSE,R2
100.0,0.2,0.003852570943406731,1.0,0.98,117.15095576030696,0.9598071223284348
