beta,betaEI,gamma,eta,theta,Geo,RMSE,R2
50.0,0.5,0.2,0.008048121903782969,1.0,0.98,670.2704041331918,0.5816588288043647
