beta,betaEI,gamma,eta,theta,Geo,RMSE,R2
100.0,0.5,0.04,0.002466642291837108,1.0,0.98,575.8585063184116,0.6912108060868336
