beta,betaEI,gamma,eta,theta,Geo,c1,RMSE,R2
100.0,0.3470263681046813,0.04,0.008502385400422188,1.0,0.98,0.9900000000000001,93.39438144310968,0.9918778310112876
