beta,betaEI,gamma,eta,theta,Geo,c1,RMSE,R2
50.0,0.5,0.04085781244548565,0.012096295622265928,1.0,0.98,0.9900000000000001,101.45483695962056,0.9904153549212201
