beta,gamma,eta,theta,Geo,RMSE,R2
100.0,0.2,0.003807347579912318,1.0,0.98,210.7248046381659,0.7607869171901585
