beta,gamma,eta,theta,Geo,RMSE,R2
100.0,0.2,0.003992943939837626,1.0,0.98,82.03245950248969,0.9560528150137119
