beta,gamma,eta,theta,Geo,RMSE,R2
56.536830103721044,0.2,0.008141030042527777,1.0,0.98,144.146353700932,0.9941308908288571
