beta,gamma,eta,theta,Geo,RMSE,R2
100.0,0.04,0.0024937312229071393,1.0,0.98,360.99884554403593,0.9618732295896547
