beta,gamma,gamma2,a1,a2,a3,h,Hiding_init,k,k2,eta,c1,metric1,metric2,r1,r2,reopen
8.634356503362955,0.05510065374862727,0.04,0.4956889831691126,0.08390442724177198,0.19090490962133744,0.07142857142857142,0.8080023923176384,1.9999849254285427,0.7315403466803019,0.03827580053751602,0.9,0.11733165299075152,22.907903960911504,0.9995144900124934,0.9986248676892343,2020-06-29
