beta,gamma,eta,theta,Geo,RMSE,R2
22.50884226401012,0.2,0.02212373558331911,1.0,0.98,997.8287580630988,0.9810431818407086
