beta,betaEI,gamma,eta,theta,Geo,c1,RMSE,R2
57.02620313124272,0.48921501560298425,0.05314748593309317,0.01257692629230061,1.0,0.98,0.92,54.71068788828176,0.9981535088734549
