beta,gamma,eta,theta,Geo,RMSE,R2
41.80247692029965,0.2,0.009996563698129776,1.0,0.98,175.4752659387973,0.9820887448823529
