beta,gamma,eta,theta,Geo,RMSE,R2
47.40926993817216,0.2,0.011451090139784084,1.0,0.98,268.90682763655315,0.9911898048363733
