beta,betaEI,gamma,eta,theta,Geo,c1,RMSE,R2
50.0,0.10630017079475848,0.04,0.04021686610737274,1.0,0.98,0.9900000000000001,89.79247764207592,0.999127838490848
