beta,betaEI,gamma,eta,theta,Geo,RMSE,R2
46.880414998311934,0.5,0.2,0.01099968465711578,1.0,0.98,568.7781546327551,0.9650052559473677
