beta,betaEI,gamma,eta,theta,Geo,RMSE,R2
99.90989360851053,0.1,0.14518192039125555,0.010571860134905752,1.0,0.98,532.1939861142752,0.9693622455571198
