beta,betaEI,gamma,eta,theta,Geo,c1,RMSE,R2
58.57991265092755,0.1,0.04,0.037882239441924204,1.0,0.98,0.9900000000000001,87.02681747717725,0.999180737248807
