beta,gamma,eta,theta,Geo,RMSE,R2
30.243742322613787,0.2,0.0162123540403067,1.0,0.98,267.3779030502964,0.9892990170415621
