beta,gamma,eta,theta,Geo,RMSE,R2
100.0,0.2,0.0038003071087603113,1.0,0.98,1578.458886219707,0.8941758192884771
