beta,betaEI,gamma,eta,theta,Geo,c1,RMSE,R2
35.55077230026156,0.22640265162381637,0.14038681242837825,0.05,1.0,0.98,0.9900000000000001,73.03733383486166,0.9967092666171227
