beta,betaEI,gamma,eta,theta,Geo,RMSE,R2
50.0,0.5,0.04,0.007878296824769732,1.0,0.98,291.04821792341664,0.947744409068514
