beta,betaEI,gamma,eta,theta,Geo,c1,RMSE,R2
43.998325671264645,0.5,0.08350208995403216,0.01713723025396065,1.0,0.98,0.9400000000000001,55.387618238860234,0.998107533263665
