beta,betaEI,gamma,eta,theta,Geo,RMSE,R2
84.25220776846442,0.5,0.2,0.007679631316759647,1.0,0.98,212.67801229395027,0.9720971824205995
