beta,gamma,gamma2,a1,a2,a3,h,Hiding_init,k,k2,eta,c1,metric1,metric2,r1,r2,reopen
6.475814728284563,0.04,0.046299209635032,0.13640801320050588,0.02381170355322285,0.1612238636438995,0.07070025095688699,0.8587408876305105,0.1,1.8608028795535343,0.05,0.9800000000000001,0.17013934669857364,0.7691138461104124,0.9955324753061932,0.995760741003784,2020-05-28
