beta,gamma,gamma2,a1,a2,a3,h,Hiding_init,k,k2,eta,c1,metric1,metric2,r1,r2,reopen
6.715839246454984,0.04,0.04,0.5,0.042027285180645746,0.01992957965458656,0.07142857142857142,1.2157208202049834,1.3818020717655308,0.27085968753866974,0.03649424136925304,0.9500000000000001,0.1833662741487239,4.48300423866235,0.9955227991608203,0.9932453844577387,2020-06-16
