beta,gamma,eta,theta,Geo,RMSE,R2
60.38660951337713,0.2,0.00672138858226552,1.0,0.98,34.924291261745964,0.9985177282579382
