beta,betaEI,gamma,eta,theta,Geo,c1,RMSE,R2
84.73707218601955,0.24123423554322665,0.07468978174506057,0.014881631991982178,1.0,0.98,0.9900000000000001,75.36477999319662,0.9991352198678538
