beta,betaEI,gamma,eta,theta,Geo,c1,RMSE,R2
50.0,0.3433875427400636,0.06636583055799938,0.018268855332013022,1.0,0.98,0.9900000000000001,75.90865829091148,0.9991226932669907
