beta,gamma,eta,theta,Geo,RMSE,R2
28.380604051574828,0.2,0.018602146713320705,1.0,0.98,361.8248275623141,0.9789813460990406
