beta,betaEI,gamma,eta,theta,Geo,c1,RMSE,R2
50.0,0.2167262692857942,0.04,0.021331667488174156,1.0,0.98,0.9900000000000001,41.667985884036334,0.9975516602973359
