beta,betaEI,gamma,eta,theta,Geo,c1,RMSE,R2
52.28834264705224,0.21206346352533037,0.04,0.02092112423331379,1.0,0.98,0.9900000000000001,41.66670579972652,0.9975518107261618
