beta,gamma,eta,theta,Geo,RMSE,R2
76.84057900367799,0.25,0.004831834098665709,1.0,0.98,347.8234821222917,0.8845543369940776
