beta,betaEI,gamma,eta,theta,Geo,RMSE,R2
50.0,0.5,0.06449027026529106,0.01107334746204349,1.0,0.98,871.142517331124,0.8935172301386943
