beta,betaEI,gamma,eta,theta,Geo,c1,RMSE,R2
22.883457067375076,1.4480011551190264,0.042270803241170704,0.04889366318858207,1.0,0.98,0.9900000000000001,78.40138141529972,0.9991375213599344
