beta,betaEI,gamma,eta,theta,Geo,RMSE,R2
100.0,0.14764519709985965,0.04,0.011483539668883129,1.0,0.98,738.9033854914758,0.9233916283646398
