beta,gamma,eta,theta,Geo,RMSE,R2
100.0,0.2,0.0042682778571235935,1.0,0.98,75.78823153426787,0.9867590951407432
