beta,gamma,eta,theta,Geo,RMSE,R2
11.626932346850005,0.25,0.03237770368966527,1.0,0.98,1018.1051833344094,0.9790658459486692
