beta,gamma,eta,theta,Geo,RMSE,R2
35.74718193082083,0.19999999999999998,0.010342421326194754,1.0,0.98,76.19639047295667,0.9761529369934571
