beta,gamma,eta,theta,Geo,RMSE,R2
20.547688383755187,0.2,0.018666333737174173,1.0,0.98,290.78518326929003,0.9776794629114507
