beta,betaEI,gamma,eta,theta,Geo,c1,RMSE,R2
59.92868584269269,0.21922733669320693,0.11876798628415758,0.042662175375212164,1.0,0.98,0.9800000000000001,75.69246648091243,0.9998357179710701
