beta,gamma,eta,theta,Geo,RMSE,R2
68.31549408965603,0.2,0.006015835708749163,1.0,0.98,22.588618386469005,0.998642492381086
