beta,betaEI,gamma,eta,theta,Geo,RMSE,R2
100.0,0.1537646590671299,0.04,0.011181431789710178,1.0,0.98,447.4258227788801,0.9577494173190758
