beta,betaEI,gamma,eta,theta,Geo,RMSE,R2
50.0,0.5,0.049975475450257864,0.010811367037070484,1.0,0.98,558.4178958193514,0.9341873667902456
