beta,betaEI,gamma,eta,theta,Geo,c1,RMSE,R2
50.6042217901725,0.28234060873968814,0.15122738407412797,0.05,1.0,0.98,0.9900000000000001,50.73950870625637,0.9994566456760552
