beta,gamma,gamma2,a1,a2,a3,h,Hiding_init,k,k2,eta,c1,metric1,metric2,r1,r2,reopen
11.638857251848464,0.13841249075464498,0.19980096642256895,0.48715650045318515,0.05656047454511789,0.12059407128383014,0.0057757024700986655,1.1635459542059572,0.11277008666580424,1.9745175861349114,0.040441368825082265,0.93,0.26199974381311325,9.342743322009698,0.9985430193314461,0.9939954533559081,2020-05-26
