beta,gamma,eta,theta,Geo,RMSE,R2
48.8687508051692,0.2,0.0071714474095388395,1.0,0.98,241.2035492618263,0.9595548225247043
