beta,gamma,eta,theta,Geo,RMSE,R2
29.438505352232518,0.2,0.012785978669874113,1.0,0.98,252.17416128653068,0.979702892170857
