beta,gamma,eta,theta,Geo,RMSE,R2
34.08825185220887,0.2,0.017724768996168073,1.0,0.98,3482.510960331974,0.9480504131948541
