beta,betaEI,gamma,eta,theta,Geo,c1,RMSE,R2
50.0,0.5,0.0866383759869981,0.026345499758159387,1.0,0.98,0.9900000000000001,106.39514504064128,0.9995879737234118
