beta,betaEI,gamma,eta,theta,Geo,c1,RMSE,R2
56.14718838986915,0.5,0.0796083969510159,0.02425111101963135,1.0,0.98,0.9900000000000001,101.56945130581038,0.999624502107016
