beta,gamma,eta,theta,Geo,RMSE,R2
100.0,0.2,0.004243281327305617,1.0,0.98,50.546774160543016,0.9684152329659751
