beta,gamma,eta,theta,Geo,RMSE,R2
100.0,0.04,0.0031630327887594368,1.0,0.98,363.99543509220274,0.8284674685886828
