beta,gamma,eta,theta,Geo,RMSE,R2
100.0,0.04,0.0028278771450383636,1.0,0.98,125.26619751989894,0.9651725926979132
