beta,betaEI,gamma,eta,theta,Geo,c1,RMSE,R2
100.0,0.15258040386738542,0.04,0.013180892906503204,1.0,0.98,0.9900000000000001,58.64677751691689,0.9974381077467868
