beta,gamma,eta,theta,Geo,RMSE,R2
19.67497603596162,0.2,0.018566992451180046,1.0,0.98,287.11965679851806,0.9915335875807673
