beta,gamma,eta,theta,Geo,RMSE,R2
59.399289021473585,0.25,0.00617488652249664,1.0,0.98,198.71060736938088,0.9782661573963226
