beta,betaEI,gamma,eta,theta,Geo,RMSE,R2
100.0,0.5,0.04,0.0023984964214360644,1.0,0.98,919.9096648912443,0.6993124697426975
