beta,betaEI,gamma,eta,theta,Geo,RMSE,R2
50.0,0.5,0.2,0.007870301868587252,1.0,0.98,1129.1384767057882,0.5469778175467332
