beta,betaEI,gamma,eta,theta,Geo,c1,RMSE,R2
100.0,0.30420764720131244,0.04,0.00850573195650943,1.0,0.98,0.9900000000000001,204.70267098773002,0.9851107756685521
