beta,gamma,eta,theta,Geo,RMSE,R2
100.0,0.04,0.002483666518864261,1.0,0.98,131.03463140428684,0.9714723769125325
