beta,gamma,eta,theta,Geo,RMSE,R2
73.46117317191218,0.2,0.006725604852531287,1.0,0.98,210.87861709004972,0.9571176338660544
