beta,gamma,eta,theta,Geo,RMSE,R2
100.0,0.2,0.0033280901724718694,1.0,0.98,866.006334929532,0.8161244476650549
