beta,gamma,eta,theta,Geo,RMSE,R2
100.0,0.2,0.0031570599190883556,1.0,0.98,15.479204922467403,0.9466307704492813
