beta,gamma,gamma2,a1,a2,a3,h,Hiding_init,k,k2,eta,c1,metric1,metric2,r1,r2,reopen
7.5545157174302515,0.04,0.04,0.5,0.07693945491127986,0.1855949542657181,0.07142857142857142,0.8765026057512015,2.0,0.18200849633011798,0.049078622867443855,0.9400000000000001,0.13454809945789012,4.714823738920894,0.9944726000295327,0.995664895425719,2020-06-26
