beta,gamma,eta,theta,Geo,RMSE,R2
100.0,0.2,0.0037677288369813507,1.0,0.98,198.25356091633105,0.8327407911742789
