beta,gamma,eta,theta,Geo,RMSE,R2
99.86393816458308,0.2,0.0039658355533931525,1.0,0.98,40.247213965627836,0.9981002805888067
