beta,betaEI,gamma,eta,theta,Geo,c1,RMSE,R2
58.5774304967157,0.1,0.04,0.03788309848990171,1.0,0.98,0.9900000000000001,87.02681663132002,0.9991807372647326
