beta,gamma,eta,theta,Geo,RMSE,R2
49.155744733327005,0.2,0.007429583215725777,1.0,0.98,315.97999337412847,0.9412216058721197
