beta,gamma,eta,theta,Geo,RMSE,R2
46.01005081588991,0.2,0.009180772975279507,1.0,0.98,158.0093846218039,0.9845983007807041
