beta,gamma,eta,theta,Geo,RMSE,R2
100.0,0.2,0.0037884400330765924,1.0,0.98,106.60985280435489,0.8769293513911485
