beta,betaEI,gamma,eta,theta,Geo,c1,RMSE,R2
50.0,0.28107089913305516,0.04,0.035617768105446805,1.0,0.98,0.9900000000000001,234.47949677941858,0.9987451372703121
