beta,betaEI,gamma,eta,theta,Geo,c1,RMSE,R2
100.0,0.20197888369042122,0.04,0.027094889768413552,1.0,0.98,0.9900000000000001,225.17513384429273,0.9988427496175236
