beta,gamma,eta,theta,Geo,RMSE,R2
12.794865014960944,0.2,0.034728477550795785,1.0,0.98,2281.684007043018,0.9635327199100958
