beta,gamma,eta,theta,Geo,RMSE,R2
48.871832730154566,0.2,0.008816543916649773,1.0,0.98,204.28040654481666,0.9458302417862466
