beta,betaEI,gamma,eta,theta,Geo,c1,RMSE,R2
50.0,0.13231054527441757,0.04,0.027293709182285162,1.0,0.98,0.9900000000000001,80.60269595280279,0.9968626112077398
