beta,betaEI,gamma,eta,theta,Geo,c1,RMSE,R2
100.0,0.1,0.04,0.020842207945283776,1.0,0.98,0.9900000000000001,71.66987684051333,0.9975194812112969
