beta,gamma,eta,theta,Geo,RMSE,R2
100.0,0.2,0.0035949970337207236,1.0,0.98,206.10811352423434,0.8055820341738724
