beta,gamma,eta,theta,Geo,RMSE,R2
35.13946209500377,0.2,0.010693326927765513,1.0,0.98,202.32623019702805,0.9760185678171689
