beta,betaEI,gamma,eta,theta,Geo,c1,RMSE,R2
100.0,0.1271316322749954,0.04,0.0151348162514427,1.0,0.98,0.9900000000000001,155.09365436578372,0.9862413793088887
