beta,betaEI,gamma,eta,theta,Geo,c1,RMSE,R2
50.0,0.18024382754498175,0.04,0.019910361893189135,1.0,0.98,0.9900000000000001,166.1116570537579,0.9842170906975347
