beta,betaEI,gamma,eta,theta,Geo,RMSE,R2
50.0,0.5,0.04,0.004851050188987615,1.0,0.98,561.3515909380133,0.8197576855931191
