beta,betaEI,gamma,eta,theta,Geo,RMSE,R2
100.0,0.5,0.0680256191622913,0.0031927959431264294,1.0,0.98,355.3949664257552,0.92775473563879
