beta,gamma,eta,theta,Geo,RMSE,R2
100.0,0.2,0.003960768086691686,1.0,0.98,39.19224529913756,0.9958304210812352
