beta,gamma,eta,theta,Geo,RMSE,R2
29.96549587589332,0.2,0.013123364024172314,1.0,0.98,3787.8088946441076,0.9604125646183336
