beta,betaEI,gamma,eta,theta,Geo,c1,RMSE,R2
50.0,0.2005816360812532,0.04,0.027631597730654153,1.0,0.98,0.9900000000000001,48.73698251390336,0.9988473480708524
