beta,betaEI,gamma,eta,theta,Geo,c1,RMSE,R2
100.0,0.14784243498101995,0.04,0.02092014935916896,1.0,0.98,0.9900000000000001,43.82688806862917,0.9990679007105051
