beta,gamma,eta,theta,Geo,RMSE,R2
100.0,0.2,0.003988332041321101,1.0,0.98,441.51919973539395,0.6382253552240109
