beta,betaEI,gamma,eta,theta,Geo,RMSE,R2
100.0,0.1,0.11974141904083166,0.01630845394343596,1.0,0.98,888.9772279128053,0.9709403589051095
