beta,betaEI,gamma,eta,theta,Geo,c1,RMSE,R2
34.983617529109004,0.2853093943959977,0.0589628849903711,0.04101141865488653,1.0,0.98,0.9800000000000001,145.73918302368696,0.999218980935421
