beta,betaEI,gamma,eta,theta,Geo,RMSE,R2
50.0,0.17352290788961353,0.04,0.015778363182162934,1.0,0.98,1191.6749657306102,0.9477814743534202
