beta,betaEI,gamma,eta,theta,Geo,c1,RMSE,R2
71.72434012665585,0.14576831621182043,0.10864661973492151,0.05,1.0,0.98,0.9900000000000001,156.7650991291101,0.9990963344283367
