beta,gamma,eta,theta,Geo,RMSE,R2
100.0,0.2,0.0038727794840195443,1.0,0.98,338.5519783771941,0.7380006764737618
