beta,gamma,eta,theta,Geo,RMSE,R2
100.0,0.059428467546524165,0.002866946232508706,1.0,0.98,464.64663568922754,0.9526219593465173
