beta,gamma,gamma2,a1,a2,a3,h,Hiding_init,k,k2,eta,c1,metric1,metric2,r1,r2,reopen
10.212474321003725,0.04,0.04,0.5,0.08187663315136207,0.09223075136438375,0.07142857142857142,0.5091721232219375,2.0,2.0,0.05,0.91,0.060505794017114915,0.4027903117412635,0.9943308998082707,0.991209299387567,2020-06-22
