beta,betaEI,gamma,eta,theta,Geo,RMSE,R2
50.0,0.1,0.09124358572706821,0.01961681627781161,1.0,0.98,732.8499089395372,0.9849790548482678
