beta,betaEI,gamma,eta,theta,Geo,c1,RMSE,R2
64.45663062546133,0.1,0.04747511118692085,0.05,1.0,0.98,0.9900000000000001,430.9054923887882,0.9948068455008076
