beta,betaEI,gamma,eta,theta,Geo,RMSE,R2
66.46026960087059,0.1,0.2,0.01967827156807074,1.0,0.98,679.950226152141,0.9870693180711144
