beta,betaEI,gamma,eta,theta,Geo,c1,RMSE,R2
80.12445802688627,0.5,0.04,0.00572232172105193,1.0,0.98,0.9500000000000001,61.96671089185637,0.9989329508048802
