beta,gamma,eta,theta,Geo,RMSE,R2
100.0,0.2,0.004135923708402498,1.0,0.98,200.47130744378234,0.7942589387542843
