beta,gamma,eta,theta,Geo,RMSE,R2
22.546114845778888,0.2,0.017937332979982696,1.0,0.98,713.27952608125,0.973157598085892
