beta,betaEI,gamma,eta,theta,Geo,c1,RMSE,R2
93.09879607568465,0.5,0.04447107231166243,0.0058686392636278705,1.0,0.98,0.9700000000000001,237.76443659395383,0.9938376130957393
