beta,betaEI,gamma,eta,theta,Geo,c1,RMSE,R2
32.21005800466176,0.5,0.06299935445816093,0.017762724645676808,1.0,0.98,0.9900000000000001,239.8152972441461,0.9937308460535107
