beta,gamma,eta,theta,Geo,RMSE,R2
100.0,0.09908756336777347,0.004972994205874006,1.0,0.98,23.595952825273592,0.9983142867890613
