beta,gamma,eta,theta,Geo,RMSE,R2
100.0,0.08737008197499488,0.0036423655854724082,1.0,0.98,594.0444095705327,0.9878263252384942
