beta,betaEI,gamma,eta,theta,Geo,c1,RMSE,R2
100.0,0.3565900177076311,0.04,0.013192339976721907,1.0,0.98,0.9900000000000001,95.32034666075982,0.9928907516043532
