beta,gamma,gamma2,a1,a2,a3,h,Hiding_init,k,k2,eta,c1,metric1,metric2,r1,r2,reopen
7.553649319678184,0.04,0.04,0.5,0.10043612100987837,0.15834004107760222,0.07142857142857142,0.7339202993297738,2.0,0.8010856287164381,0.05,0.9500000000000001,0.11077376476833575,0.2540050448705764,0.9912894223991937,0.9855112620342825,2020-06-22
