beta,gamma,eta,theta,Geo,RMSE,R2
100.0,0.25,0.004048617541109536,1.0,0.98,656.6892556692786,0.9165328690250432
