beta,gamma,eta,theta,Geo,RMSE,R2
100.0,0.04,0.0025075554027632818,1.0,0.98,374.4662697404808,0.9414870559654075
