beta,gamma,eta,theta,Geo,RMSE,R2
21.77154626167416,0.25,0.016164538947965712,1.0,0.98,122.01716584905475,0.9986298248934955
