beta,betaEI,gamma,eta,theta,Geo,c1,RMSE,R2
100.0,0.5,0.05397411730202136,0.014550317220419575,1.0,0.98,0.9900000000000001,87.7336041249246,0.9960956102181473
