beta,betaEI,gamma,eta,theta,Geo,c1,RMSE,R2
100.0,0.11416419096444778,0.04,0.027753198601332563,1.0,0.98,0.9900000000000001,76.7403001964847,0.9984296459848544
