beta,betaEI,gamma,eta,theta,Geo,c1,RMSE,R2
50.0,0.15244659409200592,0.04,0.03591644590812531,1.0,0.98,0.9900000000000001,87.36058737712241,0.9979649191269311
