beta,gamma,eta,theta,Geo,RMSE,R2
100.0,0.2,0.0036656647366155076,1.0,0.98,41.69189886089455,0.9202663028025732
