beta,gamma,eta,theta,Geo,RMSE,R2
100.0,0.2,0.003688655065567994,1.0,0.98,611.0391588263391,0.5719901144313324
