beta,betaEI,gamma,eta,theta,Geo,c1,RMSE,R2
50.0,0.1947389985283415,0.10127295018246682,0.05,1.0,0.98,0.9900000000000001,224.58062025195264,0.9979422514029158
