beta,betaEI,gamma,eta,theta,Geo,c1,RMSE,R2
75.09277681120608,0.1403589564182131,0.15794043670794275,0.05,1.0,0.98,0.9900000000000001,221.65109292843638,0.9979955855980129
