beta,betaEI,gamma,eta,theta,Geo,c1,RMSE,R2
40.70186772721338,0.4883668747320669,0.06354545630351306,0.02513706772852968,1.0,0.98,0.9700000000000001,50.974889897185356,0.9982538939433867
