beta,betaEI,gamma,eta,theta,Geo,c1,RMSE,R2
46.13396413228918,0.5,0.05447698240832316,0.02061638529079061,1.0,0.98,0.9600000000000001,50.309798199413144,0.9982991611137397
