beta,betaEI,gamma,eta,theta,Geo,c1,RMSE,R2
50.0,0.23806948431245517,0.04,0.022330212945228523,1.0,0.98,0.9900000000000001,43.46282499528853,0.997533968210409
