beta,betaEI,gamma,eta,theta,Geo,RMSE,R2
50.0,0.5,0.04,0.005456258428416244,1.0,0.98,329.15583513528657,0.8585620720236038
