beta,betaEI,gamma,eta,theta,Geo,c1,RMSE,R2
65.1988639676053,0.2086202850275498,0.04,0.019942219699761062,1.0,0.98,0.9900000000000001,41.64766761170506,0.9977356469688979
