beta,betaEI,gamma,eta,theta,Geo,RMSE,R2
100.0,0.5,0.13772338342476673,0.004432252124354179,1.0,0.98,197.71160096344613,0.9489698230736456
