beta,gamma,gamma2,a1,a2,a3,h,Hiding_init,k,k2,eta,c1,metric1,metric2,r1,r2,reopen
15.040045221955383,0.04397041496339014,0.046024509245949224,0.5,0.18538603694911002,0.012615324158471847,0.07142857142857142,0.8272283772144678,1.609002297688704,0.10007148157043604,0.04987511315014352,0.9800000000000001,0.12967208601760905,0.06281343631268492,0.9978791572712777,0.9989214986224629,2020-06-08
