beta,gamma,eta,theta,Geo,RMSE,R2
43.01126442759979,0.2,0.011386882270786599,1.0,0.98,316.7737682567243,0.9889043134090794
