beta,betaEI,gamma,eta,theta,Geo,c1,RMSE,R2
9.80514582729641,0.5,0.05780300126363583,0.04137771270653202,1.0,0.98,0.92,57.03273294545804,0.9976304775175967
