beta,betaEI,gamma,eta,theta,Geo,c1,RMSE,R2
8.636154881873153,0.5,0.06685570299694601,0.0481725167756851,1.0,0.98,0.93,56.97291297167892,0.997635445557158
