beta,gamma,eta,theta,Geo,RMSE,R2
18.467103419405163,0.25,0.01985370705756536,1.0,0.98,538.308739471318,0.9872621877390039
