beta,betaEI,gamma,eta,theta,Geo,c1,RMSE,R2
100.0,0.12739587228593097,0.04,0.011621654265617882,1.0,0.98,0.9900000000000001,134.0605320701434,0.9879100810224086
