beta,gamma,gamma2,a1,a2,a3,h,Hiding_init,k,k2,eta,c1,metric1,metric2,r1,r2,reopen
7.575486201448648,0.1574737810194545,0.10602160419135892,0.4995062671831759,0.032412521169663394,0.16069821330046663,0.0014278126109627028,4.999999999973033,0.10406452626518946,1.6798458087912918,0.05,0.9,0.25647716800043135,0.672127553569023,0.9949268740059941,0.9907091868681855,2020-06-03
