beta,gamma,eta,theta,Geo,RMSE,R2
24.288203108547375,0.2,0.019248155055352524,1.0,0.98,1029.4205920339778,0.975413931920292
