beta,gamma,eta,theta,Geo,RMSE,R2
100.0,0.2,0.003848509131113889,1.0,0.98,28.485986231105773,0.9923786546724
