beta,betaEI,gamma,eta,theta,Geo,c1,RMSE,R2
100.0,0.5,0.06534115998019167,0.014938722118611495,1.0,0.98,0.9700000000000001,61.22132064563565,0.99717303348365
