beta,betaEI,gamma,eta,theta,Geo,c1,RMSE,R2
48.42800777202953,0.5,0.099854756715975,0.03641831558016582,1.0,0.98,0.9900000000000001,62.955244049828146,0.9970106339317168
