beta,betaEI,gamma,eta,theta,Geo,c1,RMSE,R2
100.0,0.12712796280958755,0.04,0.015134986987551224,1.0,0.98,0.9900000000000001,155.09365416059546,0.9862413793452939
