beta,gamma,eta,theta,Geo,RMSE,R2
70.19008784803687,0.04,0.004607685932880879,1.0,0.98,31.839742904367835,0.9941746480889294
