beta,gamma,eta,theta,Geo,RMSE,R2
100.0,0.2,0.004523974479891577,1.0,0.98,96.85533728132383,0.9720951673454015
