beta,gamma,eta,theta,Geo,RMSE,R2
33.766698378700795,0.2,0.01679651050351758,1.0,0.98,592.9248293212681,0.9518050263748579
