beta,gamma,gamma2,a1,a2,a3,h,Hiding_init,k,k2,eta,c1,metric1,metric2,r1,r2,reopen
74.22126959067613,0.09331109132999357,0.05318230725008363,0.1187732941399273,0.01,0.1555197613055729,0.010765706004972538,5.0,0.24641184453395812,0.9917340055912414,0.005663362769302421,0.9500000000000001,0.33532290419303545,0.3277565923886006,0.993712131623714,0.9932113721964319,2020-05-26
