beta,betaEI,gamma,eta,theta,Geo,RMSE,R2
100.0,0.1,0.11880362040505826,0.010074214528131304,1.0,0.98,303.18252276852576,0.9874753438929965
