beta,betaEI,gamma,eta,theta,Geo,RMSE,R2
48.87690767829377,0.5,0.2,0.010611243111104023,1.0,0.98,352.0041368925399,0.9831168678282837
