beta,betaEI,gamma,eta,theta,Geo,c1,RMSE,R2
37.58350100861609,0.13103330567091517,0.09719558736731662,0.05,1.0,0.98,0.9900000000000001,157.4560149670595,0.9966218728123237
