beta,betaEI,gamma,eta,theta,Geo,c1,RMSE,R2
50.0,0.16131396220857128,0.04,0.01749972021588217,1.0,0.98,0.9900000000000001,325.2717754722991,0.9743146974398347
