beta,betaEI,gamma,eta,theta,Geo,c1,RMSE,R2
100.0,0.10943781197629042,0.04,0.013459813302562965,1.0,0.98,0.9900000000000001,305.6669245351727,0.9773176096548348
