beta,betaEI,gamma,eta,theta,Geo,RMSE,R2
89.01426690429369,0.5,0.2,0.007483989136243474,1.0,0.98,248.7696741176889,0.919666193724979
