beta,betaEI,gamma,eta,theta,Geo,c1,RMSE,R2
18.070976202886698,1.7079059952432567,0.04087251020658899,0.04403858566170821,1.0,0.98,0.9900000000000001,35.729204596777244,0.9983428944714177
