beta,betaEI,gamma,eta,theta,Geo,c1,RMSE,R2
50.0,0.5,0.05345422146245364,0.029324894142928746,1.0,0.98,0.9900000000000001,42.10001521738961,0.9976992577076855
