beta,betaEI,gamma,eta,theta,Geo,RMSE,R2
50.0,0.5,0.04,0.007816761551909112,1.0,0.98,302.34283887389785,0.8813404100131799
