beta,betaEI,gamma,eta,theta,Geo,RMSE,R2
100.0,0.1,0.10516852343996703,0.010681951787095724,1.0,0.98,3998.7397170111094,0.9558808109649833
