beta,betaEI,gamma,eta,theta,Geo,RMSE,R2
50.0,0.5,0.18764613586801174,0.01086698252939474,1.0,0.98,4400.051429802104,0.9465808769845825
