beta,betaEI,gamma,eta,theta,Geo,c1,RMSE,R2
44.15366955771679,0.1,0.04,0.04444127325977688,1.0,0.98,0.9900000000000001,851.4156277838189,0.9979998411725198
