beta,betaEI,gamma,eta,theta,Geo,c1,RMSE,R2
44.15502296113686,0.1,0.04,0.044440490446753494,1.0,0.98,0.9900000000000001,851.4156307659284,0.9979998411585086
