beta,gamma,eta,theta,Geo,RMSE,R2
100.0,0.2,0.0038955822435351017,1.0,0.98,98.20176951336849,0.9767007127689293
