beta,gamma,eta,theta,Geo,RMSE,R2
76.2181575186226,0.1377924931902615,0.00445346941819845,1.0,0.98,19.668834349906046,0.9992240822862384
