beta,gamma,gamma2,a1,a2,a3,h,Hiding_init,k,k2,eta,c1,metric1,metric2,r1,r2,reopen
11.984754888242053,0.04,0.04,0.5,0.08875620187875014,0.09434081682117941,0.07142857142857142,0.7802742189660603,0.4823559746081457,0.40015867932037336,0.05,0.92,0.05778830506321595,0.15051805813750882,0.9893792007077892,0.9801896826294256,2020-07-19
