beta,gamma,gamma2,a1,a2,a3,h,Hiding_init,k,k2,eta,c1,metric1,metric2,r1,r2,reopen
8.494920862605705,0.04027007359713412,0.05044632079017796,0.042204069478235094,0.012535585975518949,0.07222823035922406,0.04335897784485728,0.8098560980507602,0.1,1.9995963745064322,0.04588068495059706,0.9900000000000001,0.132546430451849,1.2174408163570571,0.9937346898828737,0.9958733654090907,2020-05-21
