beta,betaEI,gamma,eta,theta,Geo,c1,RMSE,R2
42.9977624626201,1.6757256591812448,0.04,0.019812017062335374,1.0,0.98,0.9900000000000001,61.21942642625991,0.9980989228635787
