beta,betaEI,gamma,eta,theta,Geo,RMSE,R2
100.0,0.5,0.04,0.003941026644723279,1.0,0.98,551.527852692309,0.8457034820296574
