beta,betaEI,gamma,eta,theta,Geo,c1,RMSE,R2
50.0,0.5,0.0895214802287824,0.023429366454458558,1.0,0.98,0.9900000000000001,128.58670403240512,0.991612870375263
