beta,betaEI,gamma,eta,theta,Geo,RMSE,R2
50.0,0.5,0.04,0.005711922738887953,1.0,0.98,995.4282619370553,0.4973783864125817
