beta,gamma,eta,theta,Geo,RMSE,R2
100.0,0.04,0.003670744683314716,1.0,0.98,92.90079601047655,0.9615500066319947
