beta,gamma,eta,theta,Geo,RMSE,R2
66.42991512907261,0.2,0.007656312250442594,1.0,0.98,212.21353817269332,0.9904550862221853
