beta,betaEI,gamma,eta,theta,Geo,RMSE,R2
100.0,0.1,0.07638464377511875,0.018812336448021622,1.0,0.98,883.9789145905822,0.9775937820853464
