beta,betaEI,gamma,eta,theta,Geo,c1,RMSE,R2
95.30386667537405,0.16360907258901364,0.13746830300302978,0.05,1.0,0.98,0.9900000000000001,153.4501684131249,0.9993248201351697
