beta,betaEI,gamma,eta,theta,Geo,RMSE,R2
50.0,0.1890484577688683,0.04,0.018116190707246797,1.0,0.98,1313.6146999955415,0.9505210194437933
