beta,betaEI,gamma,eta,theta,Geo,RMSE,R2
74.1903742117885,0.5,0.2,0.006381640828998182,1.0,0.98,274.9154446728327,0.9635021331259749
