beta,betaEI,gamma,eta,theta,Geo,RMSE,R2
50.0,0.5,0.04651776797329002,0.00567719894445694,1.0,0.98,318.95345390611504,0.9508725951161097
