beta,betaEI,gamma,eta,theta,Geo,c1,RMSE,R2
100.0,0.17324540865520516,0.04,0.017526288643216287,1.0,0.98,0.9900000000000001,70.0130703435849,0.9975844692814319
