beta,betaEI,gamma,eta,theta,Geo,c1,RMSE,R2
50.0,0.24023185628877816,0.04,0.023374978803399303,1.0,0.98,0.9900000000000001,75.20944532840436,0.9972126013252647
