beta,betaEI,gamma,eta,theta,Geo,RMSE,R2
50.0,0.5,0.04,0.00574018115273462,1.0,0.98,501.048287517391,0.8762875288529955
