beta,betaEI,gamma,eta,theta,Geo,c1,RMSE,R2
100.0,0.17324556998020646,0.04,0.01752628708712502,1.0,0.98,0.9900000000000001,70.01307035578942,0.9975844692805897
