beta,betaEI,gamma,eta,theta,Geo,RMSE,R2
100.0,0.5,0.1811304947606268,0.005078046674833897,1.0,0.98,321.8004458481858,0.9489697612005467
