beta,gamma,eta,theta,Geo,RMSE,R2
91.27041443560883,0.2,0.006529686834655267,1.0,0.98,175.97104985821605,0.9834057298277834
