beta,gamma,eta,theta,Geo,RMSE,R2
100.0,0.2,0.005266829042943825,1.0,0.98,136.9118849610914,0.9674881133863958
