beta,gamma,eta,theta,Geo,RMSE,R2
23.40833542949096,0.2,0.016316836081140092,1.0,0.98,344.8754618882616,0.9803167565871015
