beta,betaEI,gamma,eta,theta,Geo,c1,RMSE,R2
100.0,0.35659233019018927,0.04,0.013192325875921491,1.0,0.98,0.9900000000000001,95.32034670466263,0.9928907515978045
