beta,betaEI,gamma,eta,theta,Geo,RMSE,R2
50.0,0.5,0.04,0.005024709963190882,1.0,0.98,632.0189889206529,0.6874548845514987
