beta,betaEI,gamma,eta,theta,Geo,RMSE,R2
100.0,0.5,0.04,0.003354438629159146,1.0,0.98,362.5891192362729,0.8971315970820541
