beta,betaEI,gamma,eta,theta,Geo,c1,RMSE,R2
50.0,0.5,0.04,0.018225262855157617,1.0,0.98,0.9900000000000001,98.47091647600033,0.99241302903027
