beta,gamma,eta,theta,Geo,RMSE,R2
11.812976701772193,0.19361686257807018,0.030345770528175154,1.0,0.98,13.584442131960662,0.9952360798189404
