beta,gamma,eta,theta,Geo,RMSE,R2
11.958415944803265,0.25,0.03177855075858131,1.0,0.98,1063.8958668934413,0.9771407051221226
