beta,gamma,eta,theta,Geo,RMSE,R2
37.92834138934277,0.2,0.012457718640697191,1.0,0.98,399.694571378099,0.9662831408729634
