beta,gamma,gamma2,a1,a2,a3,h,Hiding_init,k,k2,eta,c1,metric1,metric2,r1,r2,reopen
15.86845748602386,0.04,0.04,0.20204200964173202,0.028827933547727967,0.0691604041363954,0.07142857142857142,0.9653471614300692,1.999996616009841,0.22303075292913577,0.03969734523263046,0.9800000000000001,0.08191697013008825,0.16414032609606066,0.9953017202116858,0.9961657844509969,2020-06-26
