beta,gamma,eta,theta,Geo,RMSE,R2
40.72246531969715,0.2,0.013645391226845929,1.0,0.98,241.5393933324235,0.9929846422417014
