beta,gamma,eta,theta,Geo,RMSE,R2
100.0,0.2,0.0038507346533202327,1.0,0.98,41.315585820144385,0.989548692521538
