beta,gamma,eta,theta,Geo,RMSE,R2
100.0,0.04,0.0036071635760481454,1.0,0.98,698.4905365826546,0.933905929274231
