beta,gamma,eta,theta,Geo,RMSE,R2
24.92515885903416,0.25,0.01804100876107183,1.0,0.98,1956.835295264683,0.9480219061424555
