beta,gamma,gamma2,a1,a2,a3,h,Hiding_init,k,k2,eta,c1,metric1,metric2,r1,r2,reopen
5.987046856514938,0.041547935311681335,0.04300459707421962,0.5,0.05753837144043529,0.13738820412275193,0.046098708351345316,0.35453481349099336,0.10625767697572186,1.99223636563833,0.04905258624889043,0.9700000000000001,0.17809227907412697,17.459519625839448,0.99337022953128,0.9900001663437894,2020-05-30
