beta,betaEI,gamma,eta,theta,Geo,c1,RMSE,R2
100.0,0.3470227080188511,0.04,0.008502396807723099,1.0,0.98,0.9900000000000001,93.3943813861769,0.99187783102119
