beta,gamma,eta,theta,Geo,RMSE,R2
69.04829314347121,0.2,0.007470230677186782,1.0,0.98,178.2211979293613,0.9576793717793007
