beta,gamma,eta,theta,Geo,RMSE,R2
100.0,0.04,0.0029191340573043742,1.0,0.98,227.4210664585305,0.9176372223303497
