Releasing Days,Unvaccinated,Partially Vaccinated,Fully Vaccinated
30,0.6098672955242389,0.14187580325945182,0.24825690121631255
45,0.6061095705549593,0.14128815576955436,0.2526022736754873
60,0.6036044911546726,0.14064407966497272,0.2557514291803579
