beta,gamma,gamma2,a1,a2,a3,h,Hiding_init,k,k2,eta,c1,metric1,metric2,r1,r2,reopen
7.305402308894573,0.04,0.04,0.4999951705783348,0.09723189900624823,0.1274612257362075,0.07142857142857142,0.8049651800277251,1.9999998627754714,0.4103415891329338,0.049027727224001325,0.9600000000000001,0.1154576150030441,0.13821828213947746,0.9902952958758758,0.9937242182739653,2020-06-30
