beta,gamma,eta,theta,Geo,RMSE,R2
100.0,0.04,0.002740966752955735,1.0,0.98,490.82045623433044,0.8839376164937917
