beta,betaEI,gamma,eta,theta,Geo,c1,RMSE,R2
50.0,0.3301067546458757,0.04,0.021900635146806516,1.0,0.98,0.9900000000000001,134.9924869638377,0.9924174895952139
