beta,betaEI,gamma,eta,theta,Geo,c1,RMSE,R2
99.69726246194524,0.22968436468690331,0.04,0.01631531224239059,1.0,0.98,0.9900000000000001,129.82642738093108,0.9929867385340564
