beta,betaEI,gamma,eta,theta,Geo,RMSE,R2
50.0,0.5,0.04,0.005706668211028047,1.0,0.98,637.9912653490228,0.8306351491934731
