beta,betaEI,gamma,eta,theta,Geo,RMSE,R2
100.0,0.5,0.16415662630094083,0.004923831686866321,1.0,0.98,439.69016085657415,0.919557175193209
