beta,betaEI,gamma,eta,theta,Geo,c1,RMSE,R2
50.0,0.5,0.12571216264797258,0.04273103431837097,1.0,0.98,0.9900000000000001,278.831459316037,0.998363795226473
