beta,betaEI,gamma,eta,theta,Geo,c1,RMSE,R2
71.73582548775292,0.5,0.10173963854818766,0.03356107651278838,1.0,0.98,0.9900000000000001,250.320863757412,0.9986812933101955
