beta,betaEI,gamma,eta,theta,Geo,RMSE,R2
43.29140917314437,0.5,0.2,0.010474546658913942,1.0,0.98,387.0063497010149,0.9693267999003824
