beta,betaEI,gamma,eta,theta,Geo,RMSE,R2
43.29134710313435,0.5,0.2,0.010474559370885254,1.0,0.98,387.006349674223,0.9693267999046293
