beta,betaEI,gamma,eta,theta,Geo,c1,RMSE,R2
50.0,0.11298656290825487,0.04,0.036364602381178696,1.0,0.98,0.9900000000000001,90.10790414595282,0.9983371668143199
