beta,betaEI,gamma,eta,theta,Geo,c1,RMSE,R2
71.07545590915628,0.1,0.04,0.03174648015213507,1.0,0.98,0.9900000000000001,86.52037504620324,0.9984669380908768
