beta,gamma,eta,theta,Geo,RMSE,R2
4.609764356687806,0.04,0.05,1.0,0.98,33.721584385772964,0.9815384142129427
