beta,gamma,eta,theta,Geo,RMSE,R2
19.597814631263507,0.25,0.021269333165685356,1.0,0.98,5765.768406743922,0.9627624574292444
