beta,gamma,eta,theta,Geo,RMSE,R2
100.0,0.04,0.0026404656636464666,1.0,0.98,112.89413679848495,0.9794661560246778
