beta,gamma,gamma2,a1,a2,a3,h,Hiding_init,k,k2,eta,c1,metric1,metric2,r1,r2,reopen
5.705411772031444,0.04,0.07238732485296503,0.5,0.10646478740496362,0.11337527437390028,0.07142857142857142,0.6362936994742083,1.6583908995876,0.14534085870789237,0.05,0.9,0.1624827759479073,4.491300201617735,0.9905921849575806,0.9939155219921925,2020-06-12
