beta,gamma,eta,theta,Geo,RMSE,R2
32.51458606502266,0.2,0.011431840585331041,1.0,0.98,257.7740391934756,0.9796656147806191
