beta,betaEI,gamma,eta,theta,Geo,c1,RMSE,R2
100.0,0.17187529008466293,0.04,0.016723023758715098,1.0,0.98,0.9900000000000001,38.9633918826744,0.9980181248990336
