beta,gamma,gamma2,a1,a2,a3,h,Hiding_init,k,k2,eta,c1,metric1,metric2,r1,r2,reopen
10.814083118936324,0.04006205052048182,0.0482061873879517,0.49997228371255825,0.05991100329972475,0.05105261916637912,0.07142857142857142,0.5323535061495144,0.3470934580038741,0.1,0.05,0.91,0.07730034470698299,0.3747647297249907,0.9971756857903082,0.9974908952701814,2020-07-06
