beta,gamma,eta,theta,Geo,RMSE,R2
28.21801083935726,0.2,0.01388286869986622,1.0,0.98,821.8639533035886,0.9855079600253026
