beta,betaEI,gamma,eta,theta,Geo,c1,RMSE,R2
23.234379772518103,0.49999993239528284,0.04079861414960894,0.048216354036183365,1.0,0.98,0.9700000000000001,172.0135410805184,0.9993186040213777
