beta,gamma,gamma2,a1,a2,a3,h,Hiding_init,k,k2,eta,c1,metric1,metric2,r1,r2,reopen
98.74403879118678,0.04000098932567681,0.04000000384872717,0.14279184014115015,0.01,0.17046744406360342,0.021866137796693733,4.696032745592133,0.3488530605071395,1.7313172392307592,0.004566421299698338,0.9600000000000001,0.32606907260612483,0.28512202580455975,0.995409809462048,0.996360030266546,2020-06-04
