beta,betaEI,gamma,eta,theta,Geo,c1,RMSE,R2
14.12188659007066,0.5,0.04,0.03154186988810328,1.0,0.98,0.92,111.43482815718154,0.9890060967340261
