beta,betaEI,gamma,eta,theta,Geo,c1,RMSE,R2
17.601248144696772,0.3779449379099357,0.04,0.028946162455348368,1.0,0.98,0.92,112.14675710718682,0.9888651734677356
