beta,gamma,eta,theta,Geo,RMSE,R2
17.60846900700592,0.2,0.03011946663391507,1.0,0.98,427.6065134108679,0.9857318996656139
