beta,betaEI,gamma,eta,theta,Geo,c1,RMSE,R2
19.31035625470372,0.23890673794510175,0.04,0.05,1.0,0.98,0.9900000000000001,45.84975786331153,0.9993566803958377
