beta,gamma,eta,theta,Geo,RMSE,R2
67.80902787951257,0.2,0.007180114754802841,1.0,0.98,643.8202810954749,0.9617475281775301
