beta,gamma,eta,theta,Geo,RMSE,R2
17.457303843581567,0.2,0.027041462213587733,1.0,0.98,1300.1046671278878,0.9608949491511233
