beta,gamma,eta,theta,Geo,RMSE,R2
47.581754441751166,0.2,0.007315178361753619,1.0,0.98,158.81388296195328,0.9819631884638906
