beta,gamma,eta,theta,Geo,RMSE,R2
87.58415667404535,0.2,0.00436511054932726,1.0,0.98,263.10123472215565,0.9458542795035774
