beta,gamma,eta,theta,Geo,RMSE,R2
74.076327595969,0.25,0.0049976652326684905,1.0,0.98,355.7502559559534,0.8836038655981486
