beta,gamma,eta,theta,Geo,RMSE,R2
18.202475703965153,0.2,0.02628112713922151,1.0,0.98,1459.0979261321897,0.9727384326781013
