beta,gamma,eta,theta,Geo,RMSE,R2
66.1220766828069,0.2,0.007267787105290531,1.0,0.98,441.96516664173834,0.9621093402329143
