beta,gamma,eta,theta,Geo,RMSE,R2
100.0,0.2,0.00371425506399167,1.0,0.98,103.87699863467017,0.972107274076134
