beta,betaEI,gamma,eta,theta,Geo,c1,RMSE,R2
19.089621339046925,0.1,0.04,0.04988251379561328,1.0,0.98,0.9900000000000001,119.39504010317306,0.9949565404886446
