beta,betaEI,gamma,eta,theta,Geo,RMSE,R2
49.166495555366424,0.5,0.2,0.008027654544232129,1.0,0.98,220.96701734167263,0.9827252856697847
