beta,betaEI,gamma,eta,theta,Geo,RMSE,R2
49.166032997692476,0.5,0.2,0.008027712502199028,1.0,0.98,220.96701713259424,0.9827252857024753
