beta,gamma,gamma2,a1,a2,a3,h,Hiding_init,k,k2,eta,c1,metric1,metric2,r1,r2,reopen
5.202424543384746,0.06365131004951811,0.06114099306413657,0.499578099105642,0.0647093163690746,0.020186029267156735,0.0005947245721485404,4.999992787732911,0.1,1.9998751295816053,0.05,0.9,0.09743218488368087,13.621222330593529,0.9962685682240732,0.991838316283812,2020-06-10
