beta,betaEI,gamma,eta,theta,Geo,c1,RMSE,R2
100.0,0.5,0.08251437594950754,0.007721013833631332,1.0,0.98,0.9600000000000001,41.434793809477696,0.9981584096541803
