beta,betaEI,gamma,eta,theta,Geo,c1,RMSE,R2
32.137075849016234,0.5,0.10435289544168368,0.026684907952837126,1.0,0.98,0.9900000000000001,41.86433325195303,0.9981200295486214
