beta,gamma,eta,theta,Geo,RMSE,R2
33.92678875930993,0.2,0.012738427338699695,1.0,0.98,1446.3037560714704,0.9522574620466431
