beta,betaEI,gamma,eta,theta,Geo,RMSE,R2
50.0,0.14635439984516818,0.04,0.026777710113390644,1.0,0.98,2556.1265877798073,0.9707155708064467
