beta,betaEI,gamma,eta,theta,Geo,c1,RMSE,R2
43.64905301738588,0.305013645267078,0.05804715044065974,0.030320145942118005,1.0,0.98,0.9,779.6906823394629,0.9972753122680473
