beta,betaEI,gamma,eta,theta,Geo,RMSE,R2
99.0874013066001,0.1,0.18717928966043537,0.027375483692629963,1.0,0.98,1773.1930047312976,0.9859076290490802
