beta,gamma,eta,theta,Geo,RMSE,R2
32.99950560762364,0.2,0.009444549124790097,1.0,0.98,119.14008007994096,0.9913805663938757
