beta,betaEI,gamma,eta,theta,Geo,c1,RMSE,R2
25.37900935104252,0.5,0.04847761409763646,0.02503259617607863,1.0,0.98,0.9900000000000001,38.90656552206458,0.999056069235694
