beta,betaEI,gamma,eta,theta,Geo,RMSE,R2
50.0,0.5,0.05490587132987572,0.009955705289777062,1.0,0.98,675.1811428739213,0.9308039282225872
