beta,betaEI,gamma,eta,theta,Geo,c1,RMSE,R2
34.19768838763285,0.3477237809899171,0.09104549466554107,0.047976014922807814,1.0,0.98,0.9900000000000001,95.99862742106845,0.9986011508641156
