beta,betaEI,gamma,eta,theta,Geo,c1,RMSE,R2
50.0,0.5,0.05311780612978278,0.021789441771712915,1.0,0.98,0.9700000000000001,87.17861157003183,0.9988463854423859
