beta,betaEI,gamma,eta,theta,Geo,RMSE,R2
100.0,0.1413531688986114,0.04,0.010346207055704229,1.0,0.98,547.9092588740001,0.9544321948431254
