beta,betaEI,gamma,eta,theta,Geo,c1,RMSE,R2
50.0,0.15782607467723214,0.04,0.03640104816474308,1.0,0.98,0.9900000000000001,35.52974252833411,0.9995970636675452
