beta,betaEI,gamma,eta,theta,Geo,c1,RMSE,R2
100.0,0.10512911059730516,0.06498742242656205,0.031517865375749944,1.0,0.98,0.9900000000000001,34.62674328096027,0.999617284895434
