beta,betaEI,gamma,eta,theta,Geo,c1,RMSE,R2
48.130497034396285,0.42009068882034817,0.10528181952613777,0.03284144691524789,1.0,0.98,0.9800000000000001,50.04519151545854,0.9994714144056349
