beta,betaEI,gamma,eta,theta,Geo,RMSE,R2
35.937369914714424,0.5,0.2,0.011858569640228548,1.0,0.98,128.95961688307295,0.987541893855803
