beta,betaEI,gamma,eta,theta,Geo,c1,RMSE,R2
24.33840832785252,0.1,0.04,0.05,1.0,0.98,0.9900000000000001,230.17376414646597,0.9603122755913516
