beta,betaEI,gamma,eta,theta,Geo,RMSE,R2
35.936586587749616,0.5,0.2,0.01185878465319616,1.0,0.98,128.95961853643055,0.9875418935363588
