beta,betaEI,gamma,eta,theta,Geo,c1,RMSE,R2
100.0,0.12598900844703464,0.04,0.02043985244078487,1.0,0.98,0.9900000000000001,96.06642023179921,0.9928895081962081
