beta,gamma,eta,theta,Geo,RMSE,R2
56.781066058394615,0.25,0.006478978088428627,1.0,0.98,525.8555345842311,0.970123370343481
