beta,gamma,gamma2,a1,a2,a3,h,Hiding_init,k,k2,eta,c1,metric1,metric2,r1,r2,reopen
5.817584491808446,0.04,0.06464518142453145,0.1433590413439119,0.01,0.018209073574732008,0.01372898622794018,1.1283397390262944,0.13707821122343464,1.9996289639169569,0.04998457891872091,0.9800000000000001,0.11306526336215172,10.463676462245203,0.9994897568584256,0.9957063930376698,2020-05-02
