beta,gamma,eta,theta,Geo,RMSE,R2
100.0,0.2,0.004368004323036635,1.0,0.98,377.7755938824305,0.9276082592158986
