beta,gamma,gamma2,a1,a2,a3,h,Hiding_init,k,k2,eta,c1,metric1,metric2,r1,r2,reopen
10.370565709687236,0.04,0.04,0.5,0.11518060004328894,0.053758839556493666,0.07142857142857142,0.7139640150349472,2.0,1.2728221758519802,0.04772708154244905,0.9400000000000001,0.05800304645745153,0.804791014278129,0.9987585118493071,0.9856143197056607,2020-06-22
