beta,gamma,eta,theta,Geo,RMSE,R2
100.0,0.2,0.003906511594570396,1.0,0.98,101.46504010932136,0.952228974420746
