beta,gamma,eta,theta,Geo,RMSE,R2
34.556259451233146,0.2,0.0158718854467047,1.0,0.98,279.42172072514916,0.9799095637994101
