beta,gamma,eta,theta,Geo,RMSE,R2
52.73907435316563,0.2,0.008714649424947412,1.0,0.98,24.46783280005856,0.9987478832070937
