beta,betaEI,gamma,eta,theta,Geo,RMSE,R2
95.97260539619953,0.13722592083910926,0.04,0.008057861429674344,1.0,0.98,496.4628897075459,0.966762813819376
