beta,betaEI,gamma,eta,theta,Geo,c1,RMSE,R2
39.523053994810006,0.2778433660608772,0.047916821554441054,0.02642959724210524,1.0,0.98,0.9800000000000001,82.13298798254883,0.9990903257244961
