beta,betaEI,gamma,eta,theta,Geo,c1,RMSE,R2
24.034898460077354,0.24983353495168473,0.06969790490023695,0.05,1.0,0.98,0.9900000000000001,82.8025206694764,0.9990754342872145
