beta,betaEI,gamma,eta,theta,Geo,RMSE,R2
50.0,0.5,0.04990425407242923,0.007800082349028912,1.0,0.98,572.9915397827936,0.9557261705718567
