beta,gamma,eta,theta,Geo,RMSE,R2
100.0,0.2,0.0034615694556861067,1.0,0.98,17.93442961385638,0.998262329143702
