beta,gamma,eta,theta,Geo,RMSE,R2
74.34882364966035,0.25,0.0052124578472502354,1.0,0.98,878.0711036264511,0.9014597788459722
