beta,betaEI,gamma,eta,theta,Geo,RMSE,R2
64.78841020013014,0.5,0.2,0.007092757994935278,1.0,0.98,274.2447641385118,0.9841425650699516
