beta,betaEI,gamma,eta,theta,Geo,c1,RMSE,R2
44.21997460564768,0.1,0.04,0.019936906149449218,1.0,0.98,0.9600000000000001,95.08577588031604,0.9980937170761655
