beta,betaEI,gamma,eta,theta,Geo,c1,RMSE,R2
21.322112228324407,0.1,0.04,0.05,1.0,0.98,0.9900000000000001,107.81505765223777,0.997549159280592
