beta,betaEI,gamma,eta,theta,Geo,RMSE,R2
50.0,0.5,0.08565373862810287,0.006397531311305778,1.0,0.98,311.9983730375821,0.9794760519349415
