beta,gamma,eta,theta,Geo,RMSE,R2
40.096731450256804,0.2,0.010024146637060347,1.0,0.98,389.2769963254856,0.9795653055000769
