beta,gamma,eta,theta,Geo,RMSE,R2
93.02837662161849,0.06508231546181727,0.002476127115579031,1.0,0.98,7.901708523607289,0.9975488953710666
