beta,gamma,gamma2,a1,a2,a3,h,Hiding_init,k,k2,eta,c1,metric1,metric2,r1,r2,reopen
4.78229417095524,0.04,0.04,0.5,0.03267174270357361,0.025477683942834374,0.07142857142857142,0.8297756143107532,2.0,0.24077859493461348,0.04899655188223344,0.9500000000000001,0.08277800699370612,0.3767146774368845,0.998994921858752,0.9865655613498828,2020-06-21
