beta,gamma,eta,theta,Geo,RMSE,R2
25.32701163984642,0.2,0.012013176687108624,1.0,0.98,159.47868491316228,0.9910016836238047
