beta,gamma,eta,theta,Geo,RMSE,R2
100.0,0.2,0.0034685343287004064,1.0,0.98,113.06126941040344,0.9608703599544541
