beta,gamma,eta,theta,Geo,RMSE,R2
100.0,0.2,0.0038494602704671494,1.0,0.98,78.20533682320033,0.9514929767105228
