beta,gamma,gamma2,a1,a2,a3,h,Hiding_init,k,k2,eta,c1,metric1,metric2,r1,r2,reopen
11.836088583988559,0.05081661739049009,0.04000421904128099,0.49999766855429195,0.0514191583355823,0.04807702907527148,0.07142857142857142,0.8268744253844831,0.508945747652093,0.1,0.05,0.9,0.07994222650403296,2.5656115199610308,0.9826162111538563,0.9927711666760372,2020-07-19
