beta,gamma,gamma2,a1,a2,a3,h,Hiding_init,k,k2,eta,c1,metric1,metric2,r1,r2,reopen
6.533688686045969,0.04,0.04,0.5,0.11448094825900874,0.10198088164609322,0.07142857142857142,0.8335633363788798,1.4616909941958838,0.1,0.05,0.9700000000000001,0.12647239142180972,3.8920874815744178,0.9848965106808912,0.9917626618791626,2020-07-06
