beta,gamma,eta,theta,Geo,RMSE,R2
85.09720138118313,0.2,0.004338930126167682,1.0,0.98,127.85937978384554,0.9807701810357362
