beta,gamma,eta,theta,Geo,RMSE,R2
100.0,0.04,0.0026382778259828035,1.0,0.98,120.04151478730773,0.9702105153767258
