beta,gamma,eta,theta,Geo,RMSE,R2
100.0,0.04,0.002082309812830324,1.0,0.98,1018.1660026872869,0.8869963807587876
