beta,betaEI,gamma,eta,theta,Geo,RMSE,R2
50.0,0.5,0.04,0.007814543495600791,1.0,0.98,1100.3573660819052,0.7652011778338379
