beta,betaEI,gamma,eta,theta,Geo,RMSE,R2
100.0,0.5,0.10699292880085665,0.006402444082117408,1.0,0.98,582.8399068159996,0.934124038960919
