beta,betaEI,gamma,eta,theta,Geo,c1,RMSE,R2
43.238358460734716,0.5,0.1139425050790045,0.0361053538484643,1.0,0.98,0.9900000000000001,52.062262014175424,0.9994743768665824
