beta,betaEI,gamma,eta,theta,Geo,c1,RMSE,R2
37.64607577288151,0.5497492803212422,0.11188742030356011,0.0383043855894966,1.0,0.98,0.9900000000000001,51.98704823826263,0.9994758944934315
