beta,betaEI,gamma,eta,theta,Geo,c1,RMSE,R2
100.0,0.22977948076631893,0.04,0.016287943823582708,1.0,0.98,0.9900000000000001,129.80431099492463,0.9929891277977723
