beta,betaEI,gamma,eta,theta,Geo,c1,RMSE,R2
100.0,0.19135651132211215,0.04,0.012447184082738543,1.0,0.98,0.9900000000000001,42.072952815056894,0.9976327540157532
