beta,betaEI,gamma,eta,theta,Geo,c1,RMSE,R2
50.0,0.2755917858340403,0.04,0.016826240853096877,1.0,0.98,0.9900000000000001,46.77002055777428,0.9970746857713318
