beta,betaEI,gamma,eta,theta,Geo,RMSE,R2
100.0,0.5,0.04,0.00281991129854232,1.0,0.98,228.26085012088984,0.9303212641689823
