beta,betaEI,gamma,eta,theta,Geo,RMSE,R2
50.0,0.5,0.04,0.0045920777554044985,1.0,0.98,446.37408597743087,0.733537959195723
