beta,gamma,eta,theta,Geo,RMSE,R2
32.09086984142102,0.2,0.012876462896156219,1.0,0.98,203.66642767725972,0.9721261526211404
