beta,gamma,eta,theta,Geo,RMSE,R2
36.22509840085624,0.2,0.01630465123439655,1.0,0.98,1524.9489673211187,0.9643967673794979
