beta,gamma,eta,theta,Geo,RMSE,R2
20.302199633118285,0.2,0.026857706428284493,1.0,0.98,306.61231156352216,0.9894378346485332
