beta,gamma,eta,theta,Geo,RMSE,R2
100.0,0.2,0.0035470166113791336,1.0,0.98,52.26225535367533,0.943949787343453
