beta,gamma,eta,theta,Geo,RMSE,R2
100.0,0.2,0.003370059279570009,1.0,0.98,277.91270343333184,0.9480436886413388
