beta,gamma,gamma2,a1,a2,a3,h,Hiding_init,k,k2,eta,c1,metric1,metric2,r1,r2,reopen
16.022774427026693,0.060782284965333985,0.04,0.4997718725340606,0.07328004486378548,0.11849420223845511,0.07037519695678447,0.8586034800859992,0.10249169628756781,1.187903370548998,0.02822466371575876,0.9500000000000001,0.15486136665863276,0.4065166012763846,0.9939791464681439,0.9965908135942855,2020-06-05
