beta,betaEI,gamma,eta,theta,Geo,c1,RMSE,R2
25.934712199200554,0.12491115477657766,0.04,0.04321761420012527,1.0,0.98,0.9800000000000001,149.41216185461795,0.9981279292236032
