beta,betaEI,gamma,eta,theta,Geo,c1,RMSE,R2
37.6472162628727,0.1,0.04,0.03826824156411924,1.0,0.98,0.9800000000000001,137.0067509437257,0.9984258928221701
