beta,gamma,eta,theta,Geo,RMSE,R2
100.0,0.11653487925429797,0.004220414401647735,1.0,0.98,258.76384861943484,0.9674156821468869
