beta,gamma,eta,theta,Geo,RMSE,R2
100.0,0.2,0.0035799579226786947,1.0,0.98,185.2365456029694,0.8266189269492696
