beta,gamma,eta,theta,Geo,RMSE,R2
34.38883878224993,0.2,0.0146721806982335,1.0,0.98,103.11451197163045,0.9979164793653368
