beta,gamma,eta,theta,Geo,RMSE,R2
53.645854095340184,0.2,0.011175439370978493,1.0,0.98,2052.646528351895,0.9609176166829516
