beta,gamma,eta,theta,Geo,RMSE,R2
100.0,0.2,0.003705912513425587,1.0,0.98,30.248679406126456,0.9938532068472802
