beta,betaEI,gamma,eta,theta,Geo,c1,RMSE,R2
65.80746420766222,0.15435323720245311,0.1654668589728521,0.05,1.0,0.98,0.9900000000000001,43.609799989054125,0.9991546708614687
