beta,betaEI,gamma,eta,theta,Geo,RMSE,R2
50.0,0.5,0.17432404289043404,0.011888249772857669,1.0,0.98,326.6290934322985,0.95257936330987
