beta,betaEI,gamma,eta,theta,Geo,RMSE,R2
100.0,0.1,0.04,0.012155030765144348,1.0,0.98,254.39885614178772,0.9712334381730984
