beta,betaEI,gamma,eta,theta,Geo,c1,RMSE,R2
100.0,0.30418972977183983,0.04,0.008505837204549479,1.0,0.98,0.9900000000000001,204.70267032105383,0.9851107757655346
