beta,betaEI,gamma,eta,theta,Geo,c1,RMSE,R2
50.0,0.5,0.04,0.011789276687015958,1.0,0.98,0.9900000000000001,213.6841670054846,0.9837755589863303
