beta,betaEI,gamma,eta,theta,Geo,c1,RMSE,R2
50.0,0.5,0.04,0.011663029372292227,1.0,0.98,0.9900000000000001,333.3601469091029,0.9727535948584237
