beta,betaEI,gamma,eta,theta,Geo,c1,RMSE,R2
100.0,0.34563153454508594,0.04,0.008207940939059525,1.0,0.98,0.9900000000000001,316.88672235041787,0.9753798929231482
