beta,betaEI,gamma,eta,theta,Geo,RMSE,R2
50.0,0.5,0.04,0.004760651917841467,1.0,0.98,954.0367323572057,0.5257084806934749
