beta,betaEI,gamma,eta,theta,Geo,c1,RMSE,R2
85.07992575316288,0.4197396215651123,0.04,0.011908426618460801,1.0,0.98,0.9900000000000001,95.29938629168,0.995267448219048
