beta,betaEI,gamma,eta,theta,Geo,RMSE,R2
100.0,0.5,0.04,0.0029633551414250496,1.0,0.98,599.5496139609135,0.8126880771762468
