beta,gamma,eta,theta,Geo,RMSE,R2
34.14975752822532,0.2,0.012398962561491731,1.0,0.98,489.31503957095686,0.9802210038385875
