beta,gamma,eta,theta,Geo,RMSE,R2
100.0,0.04,0.0019634911836119385,1.0,0.98,671.9841066830675,0.8395487674654863
