beta,betaEI,gamma,eta,theta,Geo,c1,RMSE,R2
19.418079533363336,0.5,0.04,0.02883969749621253,1.0,0.98,0.9800000000000001,47.72964283121304,0.9993956224581386
