beta,gamma,gamma2,a1,a2,a3,h,Hiding_init,k,k2,eta,c1,metric1,metric2,r1,r2,reopen
8.25291644504568,0.04,0.04220571553336343,0.47846907437840663,0.049772344029320556,0.10986280724991518,0.06953545252925167,1.5876857044272739,0.10000754894592234,2.0,0.043776808853392316,0.9700000000000001,0.19371136103821615,9.860225272971359,0.9985009872918534,0.9946636935289423,2020-06-11
