beta,gamma,gamma2,a1,a2,a3,h,Hiding_init,k,k2,eta,c1,metric1,metric2,r1,r2,reopen
20.295775047772814,0.1896602394425575,0.040061268478075396,0.3278077637999323,0.010001093594040411,0.17847585486061288,0.0016162044620328954,4.497341607888652,0.1798901521206134,1.1277793259003213,0.01635330316316595,0.9,0.16147456337203758,114.3463002948636,0.9940311558328471,0.9918726689480053,2020-05-25
