beta,gamma,eta,theta,Geo,RMSE,R2
30.237084218538932,0.2,0.01770338852769872,1.0,0.98,232.36178313490421,0.9921133775261578
