beta,gamma,eta,theta,Geo,RMSE,R2
35.95348566755783,0.2,0.01173105568123425,1.0,0.98,407.6486628586982,0.9451882725434111
