beta,betaEI,gamma,eta,theta,Geo,RMSE,R2
50.0,0.5,0.04,0.004294291118706436,1.0,0.98,633.7900192420236,0.5693210975580917
