beta,betaEI,gamma,eta,theta,Geo,RMSE,R2
100.0,0.5,0.04,0.0026258526887406523,1.0,0.98,407.5403735958191,0.8219245360207558
