beta,betaEI,gamma,eta,theta,Geo,c1,RMSE,R2
64.93261710456615,0.454350917766941,0.04,0.012443246655472027,1.0,0.98,0.9900000000000001,97.34593607384993,0.9898398888903216
