beta,gamma,eta,theta,Geo,RMSE,R2
56.41225386923654,0.25,0.008003199958665204,1.0,0.98,1839.8833911528031,0.920428254101964
