beta,gamma,eta,theta,Geo,RMSE,R2
33.92016788465538,0.2,0.01084076486413418,1.0,0.98,384.58167893819234,0.958315724391382
