beta,gamma,eta,theta,Geo,RMSE,R2
100.0,0.2,0.004291171286451044,1.0,0.98,73.60458625617379,0.9726906444907178
