beta,gamma,eta,theta,Geo,RMSE,R2
100.0,0.2,0.003789805489220573,1.0,0.98,441.2022086786917,0.9703646544767037
