beta,gamma,eta,theta,Geo,RMSE,R2
100.0,0.2,0.004228885799199125,1.0,0.98,82.85154640593453,0.9709448500336896
