beta,gamma,gamma2,a1,a2,a3,h,Hiding_init,k,k2,eta,c1,metric1,metric2,r1,r2,reopen
8.461484119963012,0.13841910840882823,0.06409980651727737,0.4810586018125655,0.03827687571404852,0.14987140505294413,0.00837362711009069,0.8278184606553254,0.10343591261558897,1.3409559695805167,0.04073090259100766,0.9400000000000001,0.2012398712099928,1.6324808056427063,0.9982569748258466,0.9943035097417079,2020-05-26
