beta,gamma,eta,theta,Geo,RMSE,R2
23.925302608199665,0.2,0.014023924475610992,1.0,0.98,296.65938064832943,0.9819765021994653
