beta,gamma,gamma2,a1,a2,a3,h,Hiding_init,k,k2,eta,c1,metric1,metric2,r1,r2,reopen
5.7169015796710685,0.04048258700163748,0.05121934262630257,0.499762631536702,0.1137638162663728,0.19717973391445445,0.06704145407894051,0.5037704193223616,0.8672239164022356,0.1,0.0499965251071177,0.9600000000000001,0.07483130766155437,25.226347969647037,0.9982780451952162,0.9967580298225783,2020-06-09
