beta,betaEI,gamma,eta,theta,Geo,c1,RMSE,R2
100.0,0.16279662505153428,0.05241928400972635,0.05,1.0,0.98,0.9900000000000001,234.78787198790394,0.9981240213842467
