beta,betaEI,gamma,eta,theta,Geo,RMSE,R2
50.0,0.14619959626837525,0.04,0.025445699151729274,1.0,0.98,977.6840082356216,0.9581538265662769
