beta,betaEI,gamma,eta,theta,Geo,c1,RMSE,R2
100.0,0.22260619754761973,0.09034365941705516,0.05,1.0,0.98,0.9900000000000001,219.38844136168785,0.9978928948286907
