beta,betaEI,gamma,eta,theta,Geo,c1,RMSE,R2
42.34971060681247,0.36698792766791966,0.07403264197037267,0.05,1.0,0.98,0.9800000000000001,226.7513889167085,0.9977490873631598
