beta,betaEI,gamma,eta,theta,Geo,RMSE,R2
100.0,0.1,0.1729099327816639,0.025963644079887393,1.0,0.98,734.870792405515,0.9763581912002873
