beta,gamma,eta,theta,Geo,RMSE,R2
65.13422508434503,0.2,0.006490690304302998,1.0,0.98,65.77708990103798,0.9931054024379193
