beta,betaEI,gamma,eta,theta,Geo,c1,RMSE,R2
57.55708816504503,0.11165550329043399,0.06926237965409117,0.05,1.0,0.98,0.9900000000000001,61.183886741009296,0.999011824190812
