beta,gamma,eta,theta,Geo,RMSE,R2
56.001481723926105,0.2,0.006710490175159194,1.0,0.98,62.81308334427605,0.9962070008729781
