beta,gamma,gamma2,a1,a2,a3,h,Hiding_init,k,k2,eta,c1,metric1,metric2,r1,r2,reopen
17.76341840428582,0.13971015286535632,0.053177562322735655,0.45870100741896574,0.01,0.06600217424962855,0.014752172380570385,4.999999792297903,0.37772337343940143,1.9999985341022215,0.01559673433735984,0.9500000000000001,0.21455778352769445,19.264672939774293,0.9987217646034106,0.9992369768578702,2020-06-03
