beta,betaEI,gamma,eta,theta,Geo,c1,RMSE,R2
61.99474806712761,0.7632739472908937,0.04,0.012072555423837252,1.0,0.98,0.9900000000000001,61.517873207375004,0.998753923880851
