beta,betaEI,gamma,eta,theta,Geo,RMSE,R2
100.0,0.5,0.04,0.0027452126717332132,1.0,0.98,957.8370213209403,0.6979177652379724
