beta,betaEI,gamma,eta,theta,Geo,RMSE,R2
50.0,0.5,0.04,0.0045276233691411705,1.0,0.98,1400.2083807157535,0.35445385341663105
