beta,gamma,eta,theta,Geo,RMSE,R2
73.8569468241481,0.2,0.00587444701194892,1.0,0.98,143.20564609849896,0.9730343246248879
