beta,betaEI,gamma,eta,theta,Geo,RMSE,R2
100.0,0.14943094949023009,0.043644463291748835,0.016640317571152627,1.0,0.98,212.68518291481126,0.9933925159873152
