beta,betaEI,gamma,eta,theta,Geo,RMSE,R2
50.0,0.5,0.11257352925147923,0.016152933711314436,1.0,0.98,351.55425958815573,0.9819471248084688
