beta,betaEI,gamma,eta,theta,Geo,c1,RMSE,R2
97.59143322370593,0.26533232160384224,0.2,0.05,1.0,0.98,0.9900000000000001,346.16639313915874,0.9824962356917428
