beta,gamma,eta,theta,Geo,RMSE,R2
89.98215364877592,0.25,0.00426973502420679,1.0,0.98,1350.4304552336453,0.9194879645592945
