beta,gamma,eta,theta,Geo,RMSE,R2
98.02659131883166,0.2,0.0058088365248434755,1.0,0.98,50.17257111657529,0.9946436302989811
