beta,gamma,eta,theta,Geo,RMSE,R2
100.0,0.2,0.004257708896089166,1.0,0.98,268.208097022985,0.8180782126700265
