beta,gamma,gamma2,a1,a2,a3,h,Hiding_init,k,k2,eta,c1,metric1,metric2,r1,r2,reopen
3.870172787105615,0.04,0.04,0.3269774370523006,0.01,0.05797413292235564,0.07142857142857142,0.9765577242751899,2.0,0.6179342753257978,0.05,0.9,0.476294999393542,2.2908352082927936,0.984984889322988,0.966580584988269,2020-06-22
