beta,betaEI,gamma,eta,theta,Geo,c1,RMSE,R2
100.0,0.12026923644376254,0.041571834899164876,0.026549287375284183,1.0,0.98,0.9800000000000001,133.5278561432833,0.9990593119851074
