beta,betaEI,gamma,eta,theta,Geo,c1,RMSE,R2
50.0,0.13994909147394807,0.06736021112267997,0.05,1.0,0.98,0.9900000000000001,141.18621371506057,0.9989483131550809
