beta,gamma,gamma2,a1,a2,a3,h,Hiding_init,k,k2,eta,c1,metric1,metric2,r1,r2,reopen
12.239326278019941,0.0400749614369331,0.055719800343857345,0.5,0.16744829991198543,0.034562321707682676,0.07142857142857142,0.7031976962676221,0.9814918844843428,0.1,0.047851287029929745,0.9800000000000001,0.07341442720630507,4.0801134291786445,0.9928654519994298,0.9969965745292084,2020-06-08
