beta,gamma,eta,theta,Geo,RMSE,R2
100.0,0.2,0.003869666520997828,1.0,0.98,154.05475683263455,0.9745430793315412
