beta,gamma,eta,theta,Geo,RMSE,R2
20.955757516210834,0.25,0.023573196085565382,1.0,0.98,1261.5663568081056,0.9671582331485646
