beta,gamma,eta,theta,Geo,RMSE,R2
100.0,0.04,0.0025425052702894692,1.0,0.98,34.47933163171742,0.9941283085360624
