beta,gamma,eta,theta,Geo,RMSE,R2
65.3544785175316,0.2,0.0056949749351623965,1.0,0.98,151.2120084304848,0.9701506188134401
