beta,gamma,gamma2,a1,a2,a3,h,Hiding_init,k,k2,eta,c1,metric1,metric2,r1,r2,reopen
9.72950630593647,0.04,0.04,0.5,0.0875141139735946,0.18603465413340226,0.07142857142857142,0.5007483010151152,2.0,2.0,0.04987539654041832,0.9,0.06069322584687387,57.9562346178884,0.9986733796597809,0.9920254708167001,2020-06-22
