beta,gamma,eta,theta,Geo,RMSE,R2
100.0,0.2,0.0036309300125224467,1.0,0.98,262.8022529431938,0.7655802749646143
