beta,gamma,eta,theta,Geo,RMSE,R2
48.52075491205678,0.2,0.00854788786145387,1.0,0.98,701.0825393829734,0.9267047503205456
