beta,gamma,eta,theta,Geo,RMSE,R2
100.0,0.2,0.003620544443201378,1.0,0.98,189.33280544500485,0.9615950075051998
