beta,gamma,gamma2,a1,a2,a3,h,Hiding_init,k,k2,eta,c1,metric1,metric2,r1,r2,reopen
9.014200625648106,0.04,0.04,0.12797441030642456,0.010515218262546663,0.18734167502739835,0.063299771135292,1.297309089423668,0.1,1.628688605020027,0.04215045690529027,0.9900000000000001,0.1843366120204392,4.216242374660049,0.9963412444386341,0.9837742697038101,2020-05-23
