beta,gamma,gamma2,a1,a2,a3,h,Hiding_init,k,k2,eta,c1,metric1,metric2,r1,r2,reopen
6.059099237620517,0.04,0.04,0.26946260468223837,0.04003099955429663,0.17485368514778743,0.07142857142857142,0.8962406963741533,1.9955419576125701,0.22395833606922758,0.05,0.9,0.20543772804120639,11.324411579908926,0.9917688774890215,0.9947785635307498,2020-06-30
