beta,gamma,gamma2,a1,a2,a3,h,Hiding_init,k,k2,eta,c1,metric1,metric2,r1,r2,reopen
5.183144250547083,0.04,0.04,0.5,0.06093024238419906,0.0923557328347943,0.07142857142857142,0.8702111755095897,2.0,0.33147023581063056,0.04530046987618315,0.9400000000000001,0.15285047005045851,5.777396093972121,0.9940926765959689,0.9857470093068084,2020-06-19
