beta,gamma,eta,theta,Geo,RMSE,R2
98.95227690411245,0.2,0.0037307317783459477,1.0,0.98,39.382982089702224,0.996416986521288
