beta,gamma,eta,theta,Geo,RMSE,R2
42.048508377972425,0.2,0.008274278980874848,1.0,0.98,222.53521594412268,0.976085202966265
