beta,gamma,eta,theta,Geo,RMSE,R2
98.87685600744564,0.2,0.004402467841483838,1.0,0.98,99.12932759648945,0.9869263916328227
