beta,gamma,eta,theta,Geo,RMSE,R2
100.0,0.25,0.0037651418386377917,1.0,0.98,827.7991914202321,0.9351513510351617
