beta,gamma,eta,theta,Geo,RMSE,R2
74.88596432584664,0.2,0.006735914811360502,1.0,0.98,65.76724031728067,0.9939275038250129
