beta,gamma,eta,theta,Geo,RMSE,R2
32.68571780059394,0.2,0.016648990034440068,1.0,0.98,174.19035464046945,0.9948422144031203
