beta,betaEI,gamma,eta,theta,Geo,c1,RMSE,R2
50.0,0.19196134387246114,0.12335461608546122,0.05,1.0,0.98,0.9900000000000001,44.213216251866655,0.9991311158668619
