beta,betaEI,gamma,eta,theta,Geo,c1,RMSE,R2
65.74480813611429,0.15445983356842494,0.1653075430406902,0.05,1.0,0.98,0.9900000000000001,43.60979473003257,0.9991546710653497
