beta,gamma,gamma2,a1,a2,a3,h,Hiding_init,k,k2,eta,c1,metric1,metric2,r1,r2,reopen
19.939127464312868,0.04,0.04,0.12430369081792098,0.019347133617443696,0.19206120644477132,0.0260497354917102,1.8455406172903683,0.1,1.8749681295930556,0.02676826412635242,0.9900000000000001,0.2749258833077196,0.2517313642715851,0.996392918684262,0.9981055802378968,2020-05-29
