beta,gamma,eta,theta,Geo,RMSE,R2
48.659915624749004,0.2,0.009248590119694313,1.0,0.98,223.37181389288588,0.9623667245891699
