beta,betaEI,gamma,eta,theta,Geo,RMSE,R2
100.0,0.5,0.04,0.004818985161604648,1.0,0.98,1514.415731457147,0.9165220997741185
