beta,betaEI,gamma,eta,theta,Geo,c1,RMSE,R2
18.20489161757081,1.5533390561229081,0.07501148798494488,0.040993327519609275,1.0,0.98,0.9900000000000001,88.3488853417701,0.9997158920143844
