beta,betaEI,gamma,eta,theta,Geo,RMSE,R2
50.0,0.5,0.04,0.006660021269746776,1.0,0.98,3327.6666923782263,0.5969481385406274
