beta,gamma,eta,theta,Geo,RMSE,R2
58.22399410066595,0.2,0.008478130836787976,1.0,0.98,161.6705578029511,0.9918078507676892
