beta,betaEI,gamma,eta,theta,Geo,c1,RMSE,R2
31.621526553130046,0.5174060537867128,0.1021891840098749,0.02666549139288189,1.0,0.98,0.9900000000000001,41.81107055966413,0.9981248101617253
