beta,betaEI,gamma,eta,theta,Geo,RMSE,R2
100.0,0.5,0.04,0.003176268533742141,1.0,0.98,283.92782157469486,0.913527390246371
