beta,betaEI,gamma,eta,theta,Geo,RMSE,R2
50.0,0.5,0.04,0.004446240359609059,1.0,0.98,673.2096115058088,0.5138578456917833
