beta,betaEI,gamma,eta,theta,Geo,c1,RMSE,R2
100.0,0.22625561242735825,0.04,0.007687122395037345,1.0,0.98,0.9900000000000001,158.51406846230356,0.9827599958360507
