beta,betaEI,gamma,eta,theta,Geo,RMSE,R2
50.0,0.5,0.2,0.007419489728906494,1.0,0.98,709.5947969945765,0.6545202588031609
