beta,betaEI,gamma,eta,theta,Geo,RMSE,R2
100.0,0.5,0.04,0.002121221921508204,1.0,0.98,619.9458188004377,0.7363005577257851
