beta,betaEI,gamma,eta,theta,Geo,c1,RMSE,R2
50.0,0.3869194304207089,0.04,0.010484249684085843,1.0,0.98,0.9900000000000001,166.73760730169317,0.9809248100728133
