beta,gamma,eta,theta,Geo,RMSE,R2
100.0,0.2,0.0035437370543694785,1.0,0.98,93.27269085572264,0.9489237105151936
