beta,gamma,gamma2,a1,a2,a3,h,Hiding_init,k,k2,eta,c1,metric1,metric2,r1,r2,reopen
10.058599945785032,0.04,0.04334034422247235,0.12447742991716046,0.01,0.09018059751980569,0.01273755288288951,1.6593514369509925,0.15249352950316272,1.6231286745080016,0.018168950197421704,0.9,0.21470884984929262,2.4363123730641925,0.9992131657464948,0.9961248768077041,2020-06-02
