beta,gamma,eta,theta,Geo,RMSE,R2
59.17571890685582,0.25,0.006517602187678557,1.0,0.98,294.8773632107246,0.9729267239069224
