beta,gamma,eta,theta,Geo,RMSE,R2
100.0,0.2,0.003690181692049674,1.0,0.98,605.2879098748953,0.8910017313181965
