beta,gamma,eta,theta,Geo,RMSE,R2
100.0,0.2,0.003748988142517233,1.0,0.98,221.7459791115434,0.8145997239913905
