beta,gamma,eta,theta,Geo,RMSE,R2
100.0,0.2,0.0038447615892083383,1.0,0.98,264.62886129921696,0.9611042246891274
