beta,gamma,gamma2,a1,a2,a3,h,Hiding_init,k,k2,eta,c1,metric1,metric2,r1,r2,reopen
9.36819339036596,0.04,0.04,0.5,0.11824450296951372,0.010490903307933988,0.07142857142857142,0.7122964431107994,1.9999958829122806,0.8100690556177307,0.046539640368276236,0.9500000000000001,0.13999816151621214,0.3135101935589056,0.9917805194817108,0.9895000146436312,2020-06-22
