beta,betaEI,gamma,eta,theta,Geo,RMSE,R2
100.0,0.1336825666041375,0.04,0.014862795790585078,1.0,0.98,229.19779924172408,0.9921369048147046
