beta,betaEI,gamma,eta,theta,Geo,c1,RMSE,R2
58.707539961692035,0.3454750708104172,0.13026775484511552,0.05,1.0,0.98,0.9900000000000001,329.89391677022445,0.9837099933712733
