beta,betaEI,gamma,eta,theta,Geo,RMSE,R2
50.0,0.5,0.12953060697951876,0.01435044327601728,1.0,0.98,390.4107325326573,0.977185227491353
