beta,gamma,eta,theta,Geo,RMSE,R2
70.25769601803657,0.2,0.007703332561812565,1.0,0.98,108.35924898121131,0.9918301656713852
