beta,gamma,eta,theta,Geo,RMSE,R2
100.0,0.04,0.003597157616672471,1.0,0.98,662.1599151474629,0.9650142112751019
