beta,betaEI,gamma,eta,theta,Geo,RMSE,R2
50.0,0.5,0.04,0.005891615520430363,1.0,0.98,291.09239470638073,0.8936039468435241
