beta,betaEI,gamma,eta,theta,Geo,c1,RMSE,R2
90.60577473214596,0.20539749497180304,0.04,0.018659880640300854,1.0,0.98,0.9900000000000001,29.709625510403583,0.9988916979026153
