beta,betaEI,gamma,eta,theta,Geo,RMSE,R2
100.0,0.5,0.2,0.005400148502298923,1.0,0.98,187.49099394878655,0.9558607832023083
