beta,gamma,gamma2,a1,a2,a3,h,Hiding_init,k,k2,eta,c1,metric1,metric2,r1,r2,reopen
6.724266078559499,0.046652915843785815,0.04641321954605008,0.48261041297417545,0.03718878483121063,0.1636438203547659,0.07142857142857142,0.5812469676900198,0.1,0.1,0.05,0.93,0.08215445884524013,0.9971520933657388,0.9855535526518594,0.9705031640514162,2020-07-19
