beta,gamma,gamma2,a1,a2,a3,h,Hiding_init,k,k2,eta,c1,metric1,metric2,r1,r2,reopen
78.3440484924784,0.04003662626291421,0.04,0.16601933845878616,0.02199468322646077,0.14685779672506888,0.0112781078185267,4.1652316986418825,0.10231821078067309,1.7562941116936301,0.0050388069101524,0.93,0.2074655864652835,0.46517438807074796,0.9954833390990983,0.9944892080907415,2020-05-26
