beta,gamma,eta,theta,Geo,RMSE,R2
100.0,0.2,0.003654275642628261,1.0,0.98,23.96398090871623,0.9903333019411695
