beta,gamma,eta,theta,Geo,RMSE,R2
66.51820225940743,0.2,0.006148965132590962,1.0,0.98,53.47087891773216,0.998174362764693
