beta,gamma,eta,theta,Geo,RMSE,R2
39.77914645357054,0.2,0.013963310231974457,1.0,0.98,199.13058434117033,0.9922252042071535
