beta,gamma,eta,theta,Geo,RMSE,R2
51.68070163509768,0.25,0.007052657023911549,1.0,0.98,1096.9392777799267,0.9067849221981852
