beta,gamma,eta,theta,Geo,RMSE,R2
22.647317405253176,0.25,0.018675663221780645,1.0,0.98,1236.3973311371888,0.9799425137720921
