beta,gamma,eta,theta,Geo,RMSE,R2
19.351525088170902,0.04,0.012532963428144804,1.0,0.98,54.90495432359432,0.9884544055239444
