beta,betaEI,gamma,eta,theta,Geo,c1,RMSE,R2
100.0,0.22625107488950427,0.04,0.007687172989480298,1.0,0.98,0.9900000000000001,158.51406830985488,0.9827599958692113
