beta,gamma,gamma2,a1,a2,a3,h,Hiding_init,k,k2,eta,c1,metric1,metric2,r1,r2,reopen
5.67604385711587,0.040013704255168085,0.041418255319964806,0.5,0.08996296381455021,0.07993413916716297,0.04210207386189338,0.9259902272624959,1.9974479683346247,0.12508333034708297,0.04996389172557919,0.9600000000000001,0.14167617261439247,12.085569454706532,0.9968451276255564,0.9964686980179605,2020-05-31
