beta,betaEI,gamma,eta,theta,Geo,c1,RMSE,R2
29.017793295354785,0.30822115143809714,0.04,0.04464986937730867,1.0,0.98,0.9600000000000001,401.916632974668,0.9988684745277545
