beta,betaEI,gamma,eta,theta,Geo,c1,RMSE,R2
48.69155708454398,0.19650183634824023,0.04,0.039060073091262915,1.0,0.98,0.9600000000000001,415.66352170663976,0.998789746905552
