beta,betaEI,gamma,eta,theta,Geo,RMSE,R2
100.0,0.5,0.09015624564542933,0.0063354937146323275,1.0,0.98,838.7602003423165,0.9350759166357775
