beta,betaEI,gamma,eta,theta,Geo,c1,RMSE,R2
43.38223703949407,0.5,0.11056874885046133,0.03544801178191864,1.0,0.98,0.9900000000000001,107.79165099955179,0.9989277391611159
