beta,betaEI,gamma,eta,theta,Geo,c1,RMSE,R2
76.93587574467026,1.3205763911740402,0.04,0.009644759960625476,1.0,0.98,0.93,104.68910028766616,0.998988576285706
