beta,betaEI,gamma,eta,theta,Geo,RMSE,R2
50.0,0.5,0.04,0.007830465891945897,1.0,0.98,1665.274665576874,0.744081343443255
