beta,betaEI,gamma,eta,theta,Geo,RMSE,R2
100.0,0.1,0.18740994617517487,0.014976924323794202,1.0,0.98,722.8813939474018,0.9724300516989056
