beta,betaEI,gamma,eta,theta,Geo,c1,RMSE,R2
79.10845940147333,0.1,0.10942298134648286,0.04932778111465408,1.0,0.98,0.9900000000000001,135.78494950497668,0.9990272412890336
