beta,betaEI,gamma,eta,theta,Geo,RMSE,R2
39.9911546223004,0.5,0.2,0.01486790552493234,1.0,0.98,884.2416959605424,0.9587481112085127
