beta,betaEI,gamma,eta,theta,Geo,c1,RMSE,R2
50.0,0.12474143985545942,0.057428375010370826,0.05,1.0,0.98,0.9900000000000001,61.32152236122102,0.9990073733075621
