beta,betaEI,gamma,eta,theta,Geo,RMSE,R2
94.74467078660224,0.1,0.2,0.014695680680506477,1.0,0.98,318.381618051955,0.9732418512009294
