beta,betaEI,gamma,eta,theta,Geo,RMSE,R2
36.618814574588704,0.5,0.2,0.015037689811197076,1.0,0.98,369.5518455384914,0.9639495372021747
