beta,betaEI,gamma,eta,theta,Geo,c1,RMSE,R2
77.73927427228415,0.11823530039788546,0.04,0.029580463228968987,1.0,0.98,0.9800000000000001,60.27078994357562,0.9990410988033133
