beta,betaEI,gamma,eta,theta,Geo,c1,RMSE,R2
50.26986178173725,0.1,0.04,0.05,1.0,0.98,0.9900000000000001,110.08516170191471,0.9911718432229817
