beta,betaEI,gamma,eta,theta,Geo,RMSE,R2
75.41850372413172,0.1,0.2,0.015230553096190674,1.0,0.98,106.01479975308723,0.9918126102963188
