beta,betaEI,gamma,eta,theta,Geo,RMSE,R2
30.938706507056352,0.5,0.2,0.015952513314275475,1.0,0.98,113.5725782714385,0.9906036445351125
