beta,gamma,eta,theta,Geo,RMSE,R2
66.50012960031886,0.2,0.00759520924857236,1.0,0.98,99.36050928489013,0.995240917631043
