beta,gamma,eta,theta,Geo,RMSE,R2
100.0,0.2,0.003770467502812225,1.0,0.98,264.15375972387807,0.8325985825616342
