beta,gamma,gamma2,a1,a2,a3,h,Hiding_init,k,k2,eta,c1,metric1,metric2,r1,r2,reopen
16.25399088049748,0.05181461254468131,0.07730488299257386,0.18419375019270806,0.010239163698817397,0.01173316786471962,0.02113021516984861,3.3366057894561276,0.38949778695616677,1.7806247988353754,0.02796618914063553,0.9900000000000001,0.11856699701002363,0.24563969996972793,0.9991190372200238,0.9981462761798324,2020-05-23
