beta,gamma,eta,theta,Geo,RMSE,R2
73.9713635016456,0.2,0.004484808251264944,1.0,0.98,169.62463651072756,0.9785686063768856
