beta,betaEI,gamma,eta,theta,Geo,RMSE,R2
50.0,0.21525467827938619,0.04,0.0228195505832071,1.0,0.98,5962.206127835318,0.9202360023911642
