beta,betaEI,gamma,eta,theta,Geo,c1,RMSE,R2
100.0,0.30354060397572896,0.05298195239213776,0.04167592067193777,1.0,0.98,0.9900000000000001,352.83030470462546,0.999720665422566
