beta,betaEI,gamma,eta,theta,Geo,c1,RMSE,R2
50.0,0.5,0.043159384710187744,0.0398178333317631,1.0,0.98,0.9800000000000001,586.8886838444155,0.99922713363005
