beta,betaEI,gamma,eta,theta,Geo,RMSE,R2
100.0,0.10441582781638357,0.08141178849369603,0.02425883782014552,1.0,0.98,4298.388605244433,0.958542387184249
