beta,betaEI,gamma,eta,theta,Geo,c1,RMSE,R2
16.674235774680067,0.33065834731022886,0.2,0.03188501236983396,1.0,0.98,0.93,46.033492469447516,0.997504820031931
