beta,betaEI,gamma,eta,theta,Geo,c1,RMSE,R2
10.296881583895019,0.5,0.2,0.04466132233689028,1.0,0.98,0.9400000000000001,44.914631786980564,0.9976246385058654
