beta,betaEI,gamma,eta,theta,Geo,c1,RMSE,R2
48.8512720575688,0.5,0.2,0.029269303357144942,1.0,0.98,0.92,204.41409060107318,0.9938964387221241
