beta,betaEI,gamma,eta,theta,Geo,c1,RMSE,R2
50.0,0.5,0.2,0.026951379365241612,1.0,0.98,0.9,195.1064568588577,0.9944396140764353
