beta,gamma,gamma2,a1,a2,a3,h,Hiding_init,k,k2,eta,c1,metric1,metric2,r1,r2,reopen
7.747269569754829,0.04,0.0745911970427516,0.06900459204015394,0.018932365913221595,0.10450060583050388,0.06296907700975027,1.4928659304039813,0.1111427710312692,2.0,0.03953550869237602,0.9800000000000001,0.13345921334611222,0.1811443175241722,0.9980466079118431,0.998414799287322,2020-06-03
