beta,gamma,eta,theta,Geo,RMSE,R2
24.63912287064691,0.25,0.018151920671428387,1.0,0.98,1952.0696100786743,0.9475884137275086
