beta,gamma,eta,theta,Geo,RMSE,R2
35.927082689972046,0.2,0.014395131903434357,1.0,0.98,532.9417785686159,0.9812137575672607
