beta,gamma,eta,theta,Geo,RMSE,R2
26.109752736162132,0.20557646717109312,0.018256905310238686,1.0,0.98,540.9959244151058,0.9599028574041342
