beta,gamma,eta,theta,Geo,RMSE,R2
44.65981523616871,0.2,0.00928508046802305,1.0,0.98,420.2128027219488,0.9864023922130701
