beta,gamma,eta,theta,Geo,RMSE,R2
21.23671699388064,0.25,0.01966475745210255,1.0,0.98,1461.695882002268,0.9742889646619398
