beta,gamma,gamma2,a1,a2,a3,h,Hiding_init,k,k2,eta,c1,metric1,metric2,r1,r2,reopen
13.36967518878954,0.04249277050555873,0.042697255671255374,0.35847752348530665,0.07255872743785655,0.19880072631789328,0.07142857142857142,0.8863677426841321,1.913719649225749,0.12342343994628023,0.02756091252772589,0.92,0.0485024031068456,10.03007685037572,0.9982688489644334,0.9941963691257509,2020-06-26
