beta,betaEI,gamma,eta,theta,Geo,c1,RMSE,R2
50.0,0.1590151447549046,0.04,0.02483080546336744,1.0,0.98,0.9900000000000001,36.221615867558484,0.9990617502011919
