beta,betaEI,gamma,eta,theta,Geo,c1,RMSE,R2
100.0,0.1189122115661372,0.04,0.018825092134334007,1.0,0.98,0.9900000000000001,32.614392904381305,0.9992393209831238
