beta,gamma,eta,theta,Geo,RMSE,R2
78.32059990401847,0.2,0.004507139911957548,1.0,0.98,273.9642590907554,0.9570687378130748
