beta,gamma,eta,theta,Geo,RMSE,R2
20.2017760327783,0.24202841380467024,0.02723583210340487,1.0,0.98,19543.890118090592,0.941526376086644
