beta,gamma,eta,theta,Geo,RMSE,R2
67.69525138473826,0.2,0.00665318011598937,1.0,0.98,38.791139663514414,0.9969209703062615
