beta,gamma,eta,theta,Geo,RMSE,R2
58.33740751765251,0.2,0.007624031368312004,1.0,0.98,19.517326838577564,0.9989178252595121
