beta,betaEI,gamma,eta,theta,Geo,RMSE,R2
41.651212524126905,0.5,0.2,0.012150507927207035,1.0,0.98,568.848655050746,0.9728641246388604
