beta,betaEI,gamma,eta,theta,Geo,c1,RMSE,R2
37.07360732361031,0.1,0.04,0.05,1.0,0.98,0.9900000000000001,185.9420958746549,0.9971006155302246
