beta,betaEI,gamma,eta,theta,Geo,RMSE,R2
100.0,0.1,0.2,0.011688570668720175,1.0,0.98,537.7222524830379,0.9757525326626383
