beta,gamma,gamma2,a1,a2,a3,h,Hiding_init,k,k2,eta,c1,metric1,metric2,r1,r2,reopen
6.2324499716674895,0.04048015532894971,0.2,0.49364385387486565,0.14322898187811348,0.07809760332329618,0.005662626031367615,1.714343540374412,0.16227734288556322,2.0,0.04863166935692308,0.93,0.19236524257611107,10.369626646053794,0.996803291310916,0.9819916204848289,2020-05-26
