beta,betaEI,gamma,eta,theta,Geo,c1,RMSE,R2
24.743039638172068,0.5,0.04,0.04908001508513079,1.0,0.98,0.9500000000000001,186.50033801626483,0.9984492245243369
