beta,gamma,eta,theta,Geo,RMSE,R2
67.93764886673742,0.2,0.007014865446114858,1.0,0.98,232.33312801915883,0.9745026855178112
