beta,gamma,eta,theta,Geo,RMSE,R2
17.330232786328526,0.2,0.029145159777581527,1.0,0.98,3505.6039853433485,0.9494314810266204
