beta,gamma,eta,theta,Geo,RMSE,R2
35.471905565051294,0.2,0.009615952671739255,1.0,0.98,211.32887122833932,0.9905838381442242
