beta,gamma,eta,theta,Geo,RMSE,R2
100.0,0.04,0.002652486940412125,1.0,0.98,151.27359869687976,0.9281482112585535
