beta,gamma,eta,theta,Geo,RMSE,R2
39.125831091054636,0.2,0.00987737661445221,1.0,0.98,111.88340784217353,0.9952192334369012
