beta,betaEI,gamma,eta,theta,Geo,c1,RMSE,R2
26.231710983739802,0.2990636421597782,0.06743537939728006,0.026923093241927896,1.0,0.98,0.9500000000000001,223.680132256539,0.9989265434276984
