beta,betaEI,gamma,eta,theta,Geo,RMSE,R2
100.0,0.1,0.11644479644507087,0.011245309999464903,1.0,0.98,881.4711387385059,0.9833296064791343
