beta,betaEI,gamma,eta,theta,Geo,RMSE,R2
49.39397512031685,0.5,0.2,0.011405174029806607,1.0,0.98,1064.795989171992,0.9756744610697848
