beta,gamma,eta,theta,Geo,RMSE,R2
100.0,0.2,0.0043896556383658065,1.0,0.98,111.70274909417671,0.9570023412693528
