beta,betaEI,gamma,eta,theta,Geo,c1,RMSE,R2
46.05360665197204,0.3208039340450021,0.04,0.03224562938037414,1.0,0.98,0.9400000000000001,385.65849084650995,0.9993333807621492
