beta,gamma,eta,theta,Geo,RMSE,R2
22.374486484335677,0.2,0.02426911184788902,1.0,0.98,5453.0966046617195,0.9332764228037794
