beta,gamma,eta,theta,Geo,RMSE,R2
98.31422457632046,0.2,0.005222777012544403,1.0,0.98,63.865584135980654,0.9864338439500266
