beta,gamma,eta,theta,Geo,RMSE,R2
37.37790435310692,0.2,0.012659604217156128,1.0,0.98,680.3615552588235,0.9350498065573657
