beta,gamma,gamma2,a1,a2,a3,h,Hiding_init,k,k2,eta,c1,metric1,metric2,r1,r2,reopen
8.38488462237628,0.04,0.04,0.5,0.08235596244993551,0.1217584613419628,0.07142857142857142,0.5512226702102003,2.0,2.0,0.04959979290827008,0.93,0.06498878870702449,58.36480041203493,0.9987676627024997,0.9902073442211431,2020-06-22
