beta,betaEI,gamma,eta,theta,Geo,c1,RMSE,R2
100.0,0.15870098211523845,0.0765454027318251,0.05,1.0,0.98,0.9900000000000001,227.86449381616654,0.9988042851868586
