beta,betaEI,gamma,eta,theta,Geo,RMSE,R2
50.0,0.12828701983428295,0.04,0.024838297987625334,1.0,0.98,1330.2474108935833,0.9592489185892917
