beta,betaEI,gamma,eta,theta,Geo,RMSE,R2
94.72394497379982,0.1,0.2,0.024923905064606264,1.0,0.98,1067.16964782942,0.9737734464876426
