beta,betaEI,gamma,eta,theta,Geo,c1,RMSE,R2
43.88928453210275,0.2438915968492106,0.0701927293372524,0.05,1.0,0.98,0.9800000000000001,163.74973856831994,0.9993825020444264
