beta,gamma,eta,theta,Geo,RMSE,R2
17.747753620242946,0.2,0.027706111072966198,1.0,0.98,933.5845864685953,0.9618437159435239
