beta,gamma,gamma2,a1,a2,a3,h,Hiding_init,k,k2,eta,c1,metric1,metric2,r1,r2,reopen
12.070474594578368,0.04,0.04,0.49428424011508393,0.12512538623741756,0.016471550528999006,0.07142857142857142,0.8157375335732355,0.4551367202259084,0.777411767111129,0.05,0.9,0.10880721938591066,0.5744228858511985,0.9632994112385784,0.9841786972868789,2020-07-19
