beta,gamma,eta,theta,Geo,RMSE,R2
72.89403169721389,0.2,0.006023878192241311,1.0,0.98,116.7975320480224,0.9918888676230329
