beta,betaEI,gamma,eta,theta,Geo,c1,RMSE,R2
6.898341335087097,0.5,0.11386676359765978,0.05,1.0,0.98,0.9,115.42979449360494,0.9900188541173689
