beta,betaEI,gamma,eta,theta,Geo,c1,RMSE,R2
15.863489988261,0.1,0.04,0.04081090211472723,1.0,0.98,0.9500000000000001,109.26055612596689,0.9910572441986939
