beta,gamma,eta,theta,Geo,RMSE,R2
76.27214500853094,0.2,0.006670670136586301,1.0,0.98,440.68330486777757,0.9838391053155474
