beta,betaEI,gamma,eta,theta,Geo,c1,RMSE,R2
14.367353693179105,0.1,0.04,0.05,1.0,0.98,0.9900000000000001,169.36683519134016,0.9825811412275549
