beta,betaEI,gamma,eta,theta,Geo,RMSE,R2
50.0,0.5,0.2,0.007880531245165912,1.0,0.98,173.9738446403083,0.9816206192217749
