beta,betaEI,gamma,eta,theta,Geo,RMSE,R2
67.22298347613358,0.5,0.2,0.006007173339332599,1.0,0.98,150.34020581002528,0.9862749721533319
