beta,gamma,eta,theta,Geo,RMSE,R2
33.27027271323695,0.11780495466879506,0.013120208675651168,1.0,0.98,91.66437435857054,0.9977978994182335
