beta,gamma,eta,theta,Geo,RMSE,R2
79.77287195803694,0.2,0.005090752006315197,1.0,0.98,57.721045712784985,0.9971707125559818
