beta,gamma,eta,theta,Geo,RMSE,R2
99.90814164256474,0.2,0.003609036158937896,1.0,0.98,134.61011458074879,0.9757678030672147
