beta,gamma,eta,theta,Geo,RMSE,R2
100.0,0.2,0.004054499318251604,1.0,0.98,44.68232926946647,0.9805641321991413
