beta,betaEI,gamma,eta,theta,Geo,c1,RMSE,R2
100.0,0.19716045897903045,0.10351505467286556,0.05,1.0,0.98,0.9900000000000001,145.34614835277074,0.9983144236630707
