beta,gamma,eta,theta,Geo,RMSE,R2
100.0,0.2,0.004296900951081852,1.0,0.98,208.0123780241885,0.8865338143839945
