beta,gamma,eta,theta,Geo,RMSE,R2
100.0,0.2,0.0035899896303373717,1.0,0.98,372.1208666321572,0.8168497247836952
