beta,gamma,eta,theta,Geo,RMSE,R2
42.46430436997626,0.1886015155403378,0.007488740797959061,1.0,0.98,38.472745526782276,0.9982571484998061
