beta,betaEI,gamma,eta,theta,Geo,c1,RMSE,R2
37.57220375512924,0.10050697921342332,0.04,0.01829313918156266,1.0,0.98,0.92,53.326218875895805,0.9973637114229683
