beta,betaEI,gamma,eta,theta,Geo,RMSE,R2
39.91781867190734,0.5,0.2,0.01022061840443946,1.0,0.98,80.93924994406375,0.9939266303186425
