beta,betaEI,gamma,eta,theta,Geo,RMSE,R2
39.91835140957827,0.5,0.2,0.01022050673825195,1.0,0.98,80.93925024403391,0.9939266302736253
