beta,gamma,eta,theta,Geo,RMSE,R2
56.63446555985977,0.2,0.009164294406565913,1.0,0.98,195.41642476998726,0.9840284403421948
