beta,gamma,eta,theta,Geo,RMSE,R2
100.0,0.2,0.004362520363747344,1.0,0.98,108.28390390156422,0.9802580462747731
