beta,betaEI,gamma,eta,theta,Geo,c1,RMSE,R2
17.918919784725567,0.1,0.04,0.03995319280416637,1.0,0.98,0.9700000000000001,43.594690460229735,0.9982381109244255
