beta,betaEI,gamma,eta,theta,Geo,c1,RMSE,R2
25.81323636466516,0.1,0.04,0.02688248138840467,1.0,0.98,0.9500000000000001,46.74785935910081,0.9979740215400213
