beta,betaEI,gamma,eta,theta,Geo,RMSE,R2
100.0,0.5,0.0829633027948626,0.003041718806736177,1.0,0.98,250.56009978197855,0.95323764446429
