beta,betaEI,gamma,eta,theta,Geo,c1,RMSE,R2
92.82024250900535,0.14496165423578655,0.04618166890619559,0.014228013791786585,1.0,0.98,0.9900000000000001,61.66944385593811,0.9971672215058166
