beta,betaEI,gamma,eta,theta,Geo,RMSE,R2
50.0,0.5,0.04,0.004232930394840058,1.0,0.98,458.30084042919646,0.8435506150381815
