beta,betaEI,gamma,eta,theta,Geo,c1,RMSE,R2
50.0,0.20893063836501594,0.04,0.01773325704939314,1.0,0.98,0.9900000000000001,65.14209657724982,0.9968392072753879
