beta,gamma,eta,theta,Geo,RMSE,R2
90.19628201803114,0.2,0.006972609503934452,1.0,0.98,584.4205090963939,0.9829130785903804
