beta,gamma,gamma2,a1,a2,a3,h,Hiding_init,k,k2,eta,c1,metric1,metric2,r1,r2,reopen
6.4867916406051185,0.07547563920179384,0.14408865934725335,0.08055022768708278,0.021963156680870878,0.1717058705262954,0.00234999625791898,4.999955987020324,0.1,1.0870271406080951,0.05,0.9,0.12506576271347725,4.112749193695677,0.9986319189957085,0.9837136136265321,2020-05-26
