beta,betaEI,gamma,eta,theta,Geo,c1,RMSE,R2
62.60063085010605,0.14792801885645981,0.16542194048462916,0.019790801975729095,1.0,0.98,0.92,58.42896556053697,0.9995348276625939
