beta,betaEI,gamma,eta,theta,Geo,c1,RMSE,R2
100.0,0.21893560235359097,0.09066847027911865,0.04111088499381168,1.0,0.98,0.9900000000000001,378.98503370112206,0.999589925467582
