beta,betaEI,gamma,eta,theta,Geo,c1,RMSE,R2
100.0,0.2423833472619139,0.04,0.020544161255814007,1.0,0.98,0.9900000000000001,213.79865013557767,0.9931837196528697
