beta,betaEI,gamma,eta,theta,Geo,c1,RMSE,R2
50.0,0.35048387119414476,0.04,0.02737068922700791,1.0,0.98,0.9900000000000001,217.14784881521126,0.9929684901539264
