beta,betaEI,gamma,eta,theta,Geo,c1,RMSE,R2
98.86514273702097,0.1303705727892079,0.04,0.024627878684246242,1.0,0.98,0.9900000000000001,52.814443983701494,0.9983659092920172
