beta,betaEI,gamma,eta,theta,Geo,RMSE,R2
50.0,0.5,0.10540891684936785,0.008173390520418928,1.0,0.98,273.26278984081534,0.9562546664585603
