beta,betaEI,gamma,eta,theta,Geo,RMSE,R2
100.0,0.1,0.04,0.008326195641327987,1.0,0.98,251.46611399085322,0.9629549933189059
