beta,betaEI,gamma,eta,theta,Geo,c1,RMSE,R2
38.49474363404044,1.512960717181832,0.04,0.024724478854907774,1.0,0.98,0.9900000000000001,103.98634978238647,0.9853599039809663
