beta,betaEI,gamma,eta,theta,Geo,RMSE,R2
50.0,0.5,0.04,0.006387638066261392,1.0,0.98,491.632796901722,0.6727550508421019
