beta,betaEI,gamma,eta,theta,Geo,RMSE,R2
100.0,0.5,0.04,0.004810374535929693,1.0,0.98,312.70533865394253,0.8676079674618636
