beta,gamma,gamma2,a1,a2,a3,h,Hiding_init,k,k2,eta,c1,metric1,metric2,r1,r2,reopen
6.532447364140851,0.040085638362906593,0.04191770082264762,0.4998797071439686,0.0955907993411576,0.02227207130319398,0.07142857142857142,0.24171817140092594,0.4118248537543113,1.7949830368745772,0.049995358759699945,0.9,0.0710441221300849,19.67547691165033,0.9958590024822134,0.9918043241586321,2020-07-05
