beta,gamma,eta,theta,Geo,RMSE,R2
36.55303668539863,0.2,0.01604206985960013,1.0,0.98,1051.2622244742345,0.9831883472950916
