beta,gamma,gamma2,a1,a2,a3,h,Hiding_init,k,k2,eta,c1,metric1,metric2,r1,r2,reopen
6.9465876332358185,0.18792619335202526,0.04,0.4998200431327986,0.043336165476954236,0.14695331885639576,0.019804755511257807,0.25405447116894386,0.1,1.1268956174177944,0.042514614528871175,0.92,0.16789298076793788,14.410274472840477,0.9998260000246101,0.9987135099175929,2020-06-03
