beta,gamma,eta,theta,Geo,RMSE,R2
17.39034660682879,0.25,0.01858398349726656,1.0,0.98,526.8654092213893,0.9458400832682975
