beta,gamma,gamma2,a1,a2,a3,h,Hiding_init,k,k2,eta,c1,metric1,metric2,r1,r2,reopen
36.65132025619652,0.05024388185485482,0.04219490415968025,0.4888869127712918,0.06788295221043072,0.06790962508272427,0.016500095332502903,3.405318518832969,0.10249227953146535,1.9287601242421988,0.007450423839466311,0.9,0.26643983180887026,0.957925246826112,0.9998114567431168,0.9989463235549144,2020-05-23
