beta,gamma,gamma2,a1,a2,a3,h,Hiding_init,k,k2,eta,c1,metric1,metric2,r1,r2,reopen
5.977052033077802,0.04,0.04,0.4999782266267523,0.07509240865728688,0.07625982572992726,0.07142857142857142,0.6556318076720683,2.0,0.928832329179737,0.04999636236326409,0.93,0.09568539920133856,0.6390496801614423,0.9981070220367712,0.9884168556262708,2020-06-22
