beta,gamma,eta,theta,Geo,RMSE,R2
54.89886217927712,0.2,0.010134733346557774,1.0,0.98,1618.0537032821019,0.9449014746661092
