beta,gamma,eta,theta,Geo,RMSE,R2
100.0,0.2,0.003925502270338677,1.0,0.98,1123.4163496429833,0.8943554352308902
