beta,gamma,eta,theta,Geo,RMSE,R2
86.49457531307394,0.16635140574086693,0.005714051082651346,1.0,0.98,25.017090795828086,0.9986313202784561
