beta,betaEI,gamma,eta,theta,Geo,c1,RMSE,R2
30.885429279318647,0.4992070394708583,0.07858037496292718,0.04678245547499359,1.0,0.98,0.9700000000000001,353.1765739638824,0.9993694263981581
