beta,gamma,eta,theta,Geo,RMSE,R2
22.95179335350817,0.2,0.020502170112855503,1.0,0.98,1092.502205057557,0.965776108696253
