beta,gamma,eta,theta,Geo,RMSE,R2
18.4889735560991,0.25,0.01982970303819797,1.0,0.98,535.4544515048708,0.9873658126355906
