beta,betaEI,gamma,eta,theta,Geo,c1,RMSE,R2
10.16655311322152,0.2806524064858704,0.14903230751625776,0.04288072759796088,1.0,0.98,0.9,66.5915662213198,0.9939054042435413
