beta,betaEI,gamma,eta,theta,Geo,c1,RMSE,R2
7.431199326229374,0.37541613579877775,0.13188937550233595,0.05,1.0,0.98,0.91,66.63119102672437,0.9938981489998189
