beta,gamma,eta,theta,Geo,RMSE,R2
15.212595314167324,0.25,0.02292956999870844,1.0,0.98,884.1763567337474,0.9506013553924156
