beta,betaEI,gamma,eta,theta,Geo,c1,RMSE,R2
19.69409983257098,0.1,0.04,0.05,1.0,0.98,0.9900000000000001,182.17035117187024,0.9543898146726425
