beta,betaEI,gamma,eta,theta,Geo,RMSE,R2
37.8163286308911,0.35893874673815107,0.04,0.006764263320638323,1.0,0.98,49.693641528769334,0.9966060292784228
