beta,betaEI,gamma,eta,theta,Geo,RMSE,R2
37.82774815432918,0.35870851121649294,0.04,0.006763706917178171,1.0,0.98,49.69364718905167,0.996606028505252
