beta,gamma,eta,theta,Geo,RMSE,R2
38.936504971410216,0.2,0.014239774621220688,1.0,0.98,235.66452237140058,0.9910296020469688
