beta,gamma,eta,theta,Geo,RMSE,R2
18.767318071391074,0.2,0.019640127600122986,1.0,0.98,154.3855947954813,0.9788980025305526
