beta,gamma,eta,theta,Geo,RMSE,R2
18.84849114820054,0.2,0.02545873753302099,1.0,0.98,745.9133414995528,0.9555341665897136
