beta,betaEI,gamma,eta,theta,Geo,c1,RMSE,R2
50.0,0.5,0.07683566253921856,0.016208051431430722,1.0,0.98,0.9900000000000001,95.70534936425513,0.9969841178035452
