beta,betaEI,gamma,eta,theta,Geo,c1,RMSE,R2
100.0,0.5,0.040164554228900265,0.009684487771423342,1.0,0.98,0.9900000000000001,63.58092118795683,0.9986689462927447
