beta,betaEI,gamma,eta,theta,Geo,RMSE,R2
50.0,0.5,0.04,0.004707550581942526,1.0,0.98,677.5800372486107,0.7137038187566915
