beta,betaEI,gamma,eta,theta,Geo,c1,RMSE,R2
11.860542091021234,1.3687353780006328,0.046923862197102095,0.036200444836486885,1.0,0.98,0.9900000000000001,38.098451102252604,0.9990948741050534
