beta,betaEI,gamma,eta,theta,Geo,c1,RMSE,R2
49.072340106662715,0.4921481009607004,0.04,0.012695616474653315,1.0,0.98,0.9800000000000001,38.721600453676025,0.9990650229533133
