beta,betaEI,gamma,eta,theta,Geo,RMSE,R2
100.0,0.5,0.04,0.003113879207844749,1.0,0.98,299.09640172834446,0.9442150912497267
