beta,betaEI,gamma,eta,theta,Geo,c1,RMSE,R2
64.78059549753581,0.1112105858798027,0.12343384999282869,0.05,1.0,0.98,0.9900000000000001,67.7702048332578,0.9992399368634963
