beta,betaEI,gamma,eta,theta,Geo,c1,RMSE,R2
50.0,0.1346909360935519,0.0934632059022607,0.05,1.0,0.98,0.9900000000000001,68.80844028208824,0.9992164702334803
