beta,gamma,gamma2,a1,a2,a3,h,Hiding_init,k,k2,eta,c1,metric1,metric2,r1,r2,reopen
6.197636329294572,0.04,0.045318213085343756,0.5,0.13116159320439902,0.10622959854419216,0.07142857142857142,0.925988756250109,1.9978416820702296,0.13588072254728073,0.05,0.9400000000000001,0.08842155260457416,8.973794959414711,0.9978605287457692,0.996709274725263,2020-06-26
