beta,gamma,eta,theta,Geo,RMSE,R2
52.490088618793,0.2,0.00894008214071327,1.0,0.98,83.8700983111364,0.9911625882127114
