beta,betaEI,gamma,eta,theta,Geo,RMSE,R2
100.0,0.11183754974176403,0.04,0.010707733582612728,1.0,0.98,534.4369871346007,0.976404991868274
