beta,betaEI,gamma,eta,theta,Geo,c1,RMSE,R2
73.70190932786184,0.12617968438960123,0.19683556431046376,0.05,1.0,0.98,0.9900000000000001,121.0687142002639,0.9987891482398367
