beta,betaEI,gamma,eta,theta,Geo,RMSE,R2
50.0,0.5,0.10589745116436639,0.010187328401345527,1.0,0.98,687.4336324225018,0.9609619002586637
