beta,gamma,eta,theta,Geo,RMSE,R2
33.30775050875063,0.2,0.014970499078135344,1.0,0.98,529.6841470510221,0.9877579397150036
