beta,gamma,eta,theta,Geo,RMSE,R2
100.0,0.2,0.003983842546999544,1.0,0.98,143.77016746712218,0.8979826556654654
