beta,gamma,eta,theta,Geo,RMSE,R2
100.0,0.2,0.0033576592379204835,1.0,0.98,418.8736559343108,0.8366208562904514
