beta,gamma,eta,theta,Geo,RMSE,R2
100.0,0.2,0.005326372330320805,1.0,0.98,210.81889359491873,0.9928391229614242
