beta,gamma,eta,theta,Geo,RMSE,R2
17.685058808898884,0.2,0.028722770546208354,1.0,0.98,2586.3531158815827,0.9700188915173859
