beta,betaEI,gamma,eta,theta,Geo,RMSE,R2
100.0,0.5,0.04,0.00260529633426266,1.0,0.98,648.0198766579445,0.8833071607315514
