beta,betaEI,gamma,eta,theta,Geo,RMSE,R2
50.0,0.5,0.04,0.004399335942407879,1.0,0.98,1110.0468803379235,0.6575870401175152
