beta,betaEI,gamma,eta,theta,Geo,c1,RMSE,R2
9.918543463694418,1.189561739825515,0.06587060566253221,0.03771956408532491,1.0,0.98,0.9900000000000001,62.59781635661712,0.9989111052099058
