beta,betaEI,gamma,eta,theta,Geo,c1,RMSE,R2
49.68475667766868,0.5,0.05645520662483348,0.009657034260894905,1.0,0.98,0.9700000000000001,62.446666940782166,0.9989163573773323
