beta,gamma,eta,theta,Geo,RMSE,R2
100.0,0.2,0.0036815258112964447,1.0,0.98,118.91186418761356,0.9130858593675242
