beta,gamma,eta,theta,Geo,RMSE,R2
27.71702090199839,0.2,0.013288454135994577,1.0,0.98,26.978833946081604,0.9947578879843966
