beta,gamma,gamma2,a1,a2,a3,h,Hiding_init,k,k2,eta,c1,metric1,metric2,r1,r2,reopen
7.352320255640587,0.04,0.058712632363046795,0.4999784622231679,0.10961811231927616,0.15373609089940765,0.07142857142857142,1.240837957791435,0.121321913164842,2.0,0.045719224260411376,0.9800000000000001,0.17059272513457016,3.514617261669968,0.9962259832402185,0.990754574869497,2020-06-03
