beta,gamma,eta,theta,Geo,RMSE,R2
30.028060598773898,0.2,0.012577098256531076,1.0,0.98,342.7491247991035,0.9686741192192727
