beta,betaEI,gamma,eta,theta,Geo,c1,RMSE,R2
50.0,0.18480682135539625,0.04,0.02366615272713225,1.0,0.98,0.9900000000000001,121.52805863743347,0.9896888541004922
