beta,betaEI,gamma,eta,theta,Geo,c1,RMSE,R2
100.0,0.13587453410760186,0.04,0.017866619299181614,1.0,0.98,0.9900000000000001,114.24618722988195,0.9908875062850984
