beta,betaEI,gamma,eta,theta,Geo,c1,RMSE,R2
71.26285568563077,0.1,0.04,0.02225024987381259,1.0,0.98,0.9900000000000001,32.75952068497421,0.9983366490547173
