beta,betaEI,gamma,eta,theta,Geo,RMSE,R2
82.95056621528342,0.5,0.2,0.005359190404600976,1.0,0.98,125.64095042500186,0.9755335343136813
