beta,betaEI,gamma,eta,theta,Geo,RMSE,R2
50.0,0.5,0.04,0.004916361421529137,1.0,0.98,168.45434813773147,0.9560181733400148
