beta,gamma,eta,theta,Geo,RMSE,R2
70.5547974016608,0.25,0.005698432731625449,1.0,0.98,930.4972118325686,0.8958814647382369
