beta,gamma,gamma2,a1,a2,a3,h,Hiding_init,k,k2,eta,c1,metric1,metric2,r1,r2,reopen
5.728037989942075,0.13513385921533405,0.04,0.20401325075935994,0.010006595994713732,0.11624017628934755,0.017888311400302205,0.28541389515888177,0.11220718262171236,1.997758111333909,0.05,0.93,0.1414988220229497,22.250359039895105,0.9986067671120926,0.9975410948002382,2020-06-03
