beta,betaEI,gamma,eta,theta,Geo,c1,RMSE,R2
44.153488304183114,0.1,0.04,0.04444137465895105,1.0,0.98,0.9900000000000001,851.415627842076,0.997999841172246
