beta,gamma,eta,theta,Geo,RMSE,R2
23.188493154129663,0.2,0.023149315864498157,1.0,0.98,1778.733743369481,0.9748620435018162
