beta,gamma,eta,theta,Geo,RMSE,R2
14.839468990938967,0.25,0.03352323570659005,1.0,0.98,1261.5331697632307,0.9696771551481878
