beta,betaEI,gamma,eta,theta,Geo,c1,RMSE,R2
100.0,0.3035104974241106,0.052996209703197156,0.041678098413481746,1.0,0.98,0.9900000000000001,352.8302669688701,0.9997206654823165
