beta,gamma,eta,theta,Geo,RMSE,R2
84.23320510351525,0.2,0.003967589117310282,1.0,0.98,24.296532910804235,0.9875685835812572
