beta,betaEI,gamma,eta,theta,Geo,RMSE,R2
66.14363275641782,0.1,0.2,0.030555420960577482,1.0,0.98,1939.8908671960826,0.9736399048895122
