beta,betaEI,gamma,eta,theta,Geo,c1,RMSE,R2
100.0,0.15479669545340105,0.044868976482047365,0.04941903090599201,1.0,0.98,0.9900000000000001,692.7201547194294,0.996638694212067
