beta,betaEI,gamma,eta,theta,Geo,RMSE,R2
50.0,0.1,0.06978798597212427,0.030566490340921834,1.0,0.98,2000.111997332364,0.9719778788832858
