beta,betaEI,gamma,eta,theta,Geo,c1,RMSE,R2
50.0,0.27040313355872775,0.04,0.024010761269037163,1.0,0.98,0.9900000000000001,32.336158042698486,0.9986870728246848
