beta,betaEI,gamma,eta,theta,Geo,c1,RMSE,R2
100.0,0.1969925026299891,0.04,0.01792106395679667,1.0,0.98,0.9900000000000001,29.34342463233065,0.9989188513837843
