beta,betaEI,gamma,eta,theta,Geo,c1,RMSE,R2
71.25507294170232,0.1,0.04,0.02225161011775434,1.0,0.98,0.9900000000000001,32.75951920219307,0.9983366492052925
