beta,betaEI,gamma,eta,theta,Geo,c1,RMSE,R2
50.0,0.11497511263619356,0.04,0.025623324956763692,1.0,0.98,0.9900000000000001,34.55874443278046,0.9981489219848848
