beta,betaEI,gamma,eta,theta,Geo,c1,RMSE,R2
10.09712515799677,0.5,0.2,0.040921079882006245,1.0,0.98,0.91,134.48957429602044,0.9890165142432001
