beta,betaEI,gamma,eta,theta,Geo,c1,RMSE,R2
18.154827687749716,0.1,0.04,0.0314969200334311,1.0,0.98,0.9700000000000001,133.53957552710614,0.9891711350819052
