beta,betaEI,gamma,eta,theta,Geo,c1,RMSE,R2
100.0,0.1679052507118615,0.04,0.01874810154993667,1.0,0.98,0.9900000000000001,148.93072358730655,0.986942286231125
