beta,betaEI,gamma,eta,theta,Geo,c1,RMSE,R2
19.310366941711308,0.2389063986698766,0.04,0.05,1.0,0.98,0.9900000000000001,45.84975786552872,0.9993566803957754
