beta,betaEI,gamma,eta,theta,Geo,RMSE,R2
100.0,0.1,0.057098983613900284,0.008662773657710813,1.0,0.98,307.5311774450482,0.9710578363291722
