beta,betaEI,gamma,eta,theta,Geo,RMSE,R2
50.0,0.5,0.1389412082498831,0.008862002640217338,1.0,0.98,344.75540602096584,0.9636273567444805
