beta,betaEI,gamma,eta,theta,Geo,c1,RMSE,R2
50.0,0.5,0.08440975560347344,0.01967860891598741,1.0,0.98,0.9900000000000001,56.67307501761522,0.9992951689017546
