beta,betaEI,gamma,eta,theta,Geo,c1,RMSE,R2
97.71832531721766,0.4003784325312579,0.06782423742331405,0.013318120855017232,1.0,0.98,0.9900000000000001,42.79486196966839,0.9995981030019744
