beta,betaEI,gamma,eta,theta,Geo,RMSE,R2
50.0,0.5,0.04,0.004930813790246912,1.0,0.98,1647.1876596776042,0.40458789152597097
