beta,betaEI,gamma,eta,theta,Geo,RMSE,R2
100.0,0.5,0.04,0.00327511239788397,1.0,0.98,876.9492492320202,0.8312357617034676
