beta,gamma,eta,theta,Geo,RMSE,R2
55.94241760087366,0.25,0.00687923363669886,1.0,0.98,425.9090728221284,0.9424020621873872
