beta,gamma,eta,theta,Geo,RMSE,R2
85.8945383698285,0.2,0.005265226429951726,1.0,0.98,927.1924694583765,0.9857258150423361
