beta,gamma,eta,theta,Geo,RMSE,R2
15.571309981126543,0.2,0.023385342159564625,1.0,0.98,90.87673230128779,0.9935311335359521
