beta,betaEI,gamma,eta,theta,Geo,RMSE,R2
100.0,0.10937656101926563,0.04,0.0112912761389851,1.0,0.98,1515.3204407083006,0.9475922593636283
