beta,betaEI,gamma,eta,theta,Geo,RMSE,R2
50.0,0.5,0.11803280735347749,0.010732483185998834,1.0,0.98,1804.1076522642172,0.9257132478713959
