beta,betaEI,gamma,eta,theta,Geo,c1,RMSE,R2
100.0,0.20198050832761186,0.04,0.02709483165455426,1.0,0.98,0.9900000000000001,225.17513456663312,0.9988427496100989
