beta,gamma,eta,theta,Geo,RMSE,R2
17.64404846310995,0.2,0.026881861148592444,1.0,0.98,914.5150509339461,0.971011502587189
