beta,betaEI,gamma,eta,theta,Geo,RMSE,R2
81.94389116045065,0.5,0.2,0.006469183515497981,1.0,0.98,359.7415697913517,0.9656668856574079
