beta,betaEI,gamma,eta,theta,Geo,c1,RMSE,R2
13.05048562812709,0.4061053504953686,0.046853860975842876,0.05,1.0,0.98,0.9900000000000001,48.48858666463803,0.9993762493658738
