beta,betaEI,gamma,eta,theta,Geo,c1,RMSE,R2
13.050574748124514,0.40609756222459636,0.04685415159760464,0.05,1.0,0.98,0.9900000000000001,48.488586530550045,0.9993762493693236
