beta,betaEI,gamma,eta,theta,Geo,RMSE,R2
50.0,0.5,0.04,0.006221236372945942,1.0,0.98,444.43730883488115,0.9475973840781244
