beta,gamma,eta,theta,Geo,RMSE,R2
63.532644236833924,0.13234404360788124,0.004323481320148679,1.0,0.98,8.549519045098531,0.9990459243324243
