beta,gamma,eta,theta,Geo,RMSE,R2
81.6857695431287,0.2,0.004807414309954904,1.0,0.98,407.7534577415171,0.907729211167531
