beta,gamma,eta,theta,Geo,RMSE,R2
100.0,0.04,0.002868195455887523,1.0,0.98,287.45598424563946,0.861576841791584
