beta,gamma,eta,theta,Geo,RMSE,R2
19.597541810896487,0.25,0.021269542442690755,1.0,0.98,5761.119127254231,0.9628507834959316
