beta,gamma,eta,theta,Geo,RMSE,R2
100.0,0.2,0.004019039901339599,1.0,0.98,364.80193548679665,0.8295466643064418
