beta,gamma,eta,theta,Geo,RMSE,R2
70.02997980719489,0.2,0.007997191300065223,1.0,0.98,306.71167345010775,0.9689842943212638
