beta,betaEI,gamma,eta,theta,Geo,RMSE,R2
76.61526079981286,0.1,0.2,0.02808993553324564,1.0,0.98,993.1179674362483,0.9664356498753139
