beta,betaEI,gamma,eta,theta,Geo,RMSE,R2
50.0,0.1,0.04,0.028787207663786403,1.0,0.98,1056.808431593008,0.9619925175599232
