beta,betaEI,gamma,eta,theta,Geo,c1,RMSE,R2
32.395919522891234,0.29628849070092544,0.04514500889138465,0.047560586484875225,1.0,0.98,0.9700000000000001,275.1421079822111,0.9974237341013097
