beta,betaEI,gamma,eta,theta,Geo,c1,RMSE,R2
100.0,0.16279651256110228,0.05241931348438117,0.05,1.0,0.98,0.9900000000000001,234.78787201685603,0.9981240213837841
