beta,betaEI,gamma,eta,theta,Geo,c1,RMSE,R2
99.5236700392099,0.16307823182316009,0.2,0.05,1.0,0.98,0.9800000000000001,180.02916760423352,0.9985811238965733
