beta,betaEI,gamma,eta,theta,Geo,c1,RMSE,R2
33.095983859458094,0.1326828980283869,0.2,0.04648971353469126,1.0,0.98,0.9400000000000001,154.5852289078252,0.9993316512030234
