beta,betaEI,gamma,eta,theta,Geo,c1,RMSE,R2
61.396511438356164,0.10045740163886895,0.04,0.02458995174845237,1.0,0.98,0.92,145.89955367585648,0.9994046462266317
