beta,gamma,eta,theta,Geo,RMSE,R2
100.0,0.04,0.0021614790606416766,1.0,0.98,291.1788896033689,0.97643934696931
