beta,gamma,eta,theta,Geo,RMSE,R2
15.164740456021347,0.2,0.025039924580176648,1.0,0.98,619.6044401294444,0.9892626718404743
