beta,gamma,eta,theta,Geo,RMSE,R2
100.0,0.2,0.003797616250842138,1.0,0.98,85.46637668839739,0.9728676706068523
