beta,gamma,eta,theta,Geo,RMSE,R2
21.525225679231532,0.04,0.008096097375179122,1.0,0.98,53.92433572694584,0.9960035346339197
