beta,gamma,eta,theta,Geo,RMSE,R2
100.0,0.2,0.003375508827152223,1.0,0.98,18.660793956865316,0.9753962727372166
