beta,gamma,eta,theta,Geo,RMSE,R2
67.78102207764155,0.2,0.006383022347310719,1.0,0.98,248.93523707490604,0.9887504724495958
