beta,gamma,eta,theta,Geo,RMSE,R2
80.13548418238638,0.2,0.005643639510002385,1.0,0.98,249.89792089176504,0.9154494291954522
