beta,gamma,eta,theta,Geo,RMSE,R2
62.75685121959253,0.2,0.006565336773916994,1.0,0.98,161.07143332791352,0.9850833241679222
