beta,betaEI,gamma,eta,theta,Geo,c1,RMSE,R2
43.2352786909078,0.5,0.1139450150213099,0.03610688882829787,1.0,0.98,0.9900000000000001,52.06226347693991,0.999474376837046
