beta,betaEI,gamma,eta,theta,Geo,c1,RMSE,R2
100.0,0.19135797094544704,0.04,0.012447158750060425,1.0,0.98,0.9900000000000001,42.07295290066324,0.9976327540061198
