beta,gamma,eta,theta,Geo,RMSE,R2
100.0,0.2,0.0031444156736085416,1.0,0.98,454.54150994573456,0.8582415874135069
