beta,gamma,eta,theta,Geo,RMSE,R2
49.22053868308067,0.2,0.009809390678655567,1.0,0.98,493.80670731806816,0.9722424928581768
