beta,betaEI,gamma,eta,theta,Geo,c1,RMSE,R2
77.61122818541796,0.1316753957246143,0.04,0.02077708994026387,1.0,0.98,0.9900000000000001,33.65366268476087,0.9991900699476263
