beta,betaEI,gamma,eta,theta,Geo,RMSE,R2
84.50793983796348,0.5,0.2,0.005632337189869003,1.0,0.98,205.29406430785542,0.9698605290738326
