beta,betaEI,gamma,eta,theta,Geo,RMSE,R2
50.0,0.5,0.04,0.005345519477018927,1.0,0.98,271.1059229116552,0.9474393350970052
