beta,gamma,eta,theta,Geo,RMSE,R2
100.0,0.0534597657832438,0.0031022573857728895,1.0,0.98,2647.4039856036125,0.9299299822950411
