beta,betaEI,gamma,eta,theta,Geo,RMSE,R2
79.81509117935775,0.49999999673459866,0.2,0.005484835634179328,1.0,0.98,46.516170666498994,0.9974522199344614
