beta,betaEI,gamma,eta,theta,Geo,c1,RMSE,R2
17.64587058550926,0.1,0.04,0.05,1.0,0.98,0.9900000000000001,67.67554508821578,0.9946071598232981
