beta,betaEI,gamma,eta,theta,Geo,RMSE,R2
50.0,0.5,0.04,0.004895746828777256,1.0,0.98,94.48848413426266,0.9894873601041664
