beta,gamma,eta,theta,Geo,RMSE,R2
26.266135157384927,0.25,0.013445837860802367,1.0,0.98,701.532073958264,0.9051849928267238
