beta,betaEI,gamma,eta,theta,Geo,RMSE,R2
100.0,0.1,0.07642091615773852,0.024022472319621357,1.0,0.98,1969.0977611762012,0.9803986238084116
