beta,betaEI,gamma,eta,theta,Geo,RMSE,R2
50.0,0.1936676925603154,0.04,0.022905273852453806,1.0,0.98,3155.920568396976,0.9496494597550416
