beta,betaEI,gamma,eta,theta,Geo,c1,RMSE,R2
66.33154427287724,0.31435396859048803,0.05899721839724186,0.05,1.0,0.98,0.9900000000000001,733.0703974526449,0.9972832894348753
