beta,gamma,gamma2,a1,a2,a3,h,Hiding_init,k,k2,eta,c1,metric1,metric2,r1,r2,reopen
10.77035219251774,0.04,0.04,0.5,0.12854577110608034,0.10703334839368948,0.07142857142857142,0.6603504187291095,2.0,1.3476091853615533,0.05,0.9400000000000001,0.06196977698996916,0.6122085563017214,0.9942109265200739,0.9867213812559532,2020-06-22
