beta,betaEI,gamma,eta,theta,Geo,c1,RMSE,R2
88.66954926516686,0.16646092815484517,0.14712310525475802,0.05,1.0,0.98,0.9900000000000001,394.7695991774047,0.9963857749045134
