beta,betaEI,gamma,eta,theta,Geo,RMSE,R2
100.0,0.1,0.05938330355752972,0.017561739227996646,1.0,0.98,778.0539428802947,0.9859606431978525
