beta,betaEI,gamma,eta,theta,Geo,RMSE,R2
50.0,0.20388388032097043,0.04,0.01686913378849695,1.0,0.98,1306.7650840747751,0.9603974784003343
