beta,gamma,eta,theta,Geo,RMSE,R2
27.511136086725365,0.2,0.015680949945346797,1.0,0.98,912.3085800501646,0.9660428464065703
