beta,betaEI,gamma,eta,theta,Geo,RMSE,R2
50.0,0.5,0.04,0.004440015735197471,1.0,0.98,918.7495438430349,0.7950791265732297
