beta,betaEI,gamma,eta,theta,Geo,c1,RMSE,R2
100.0,0.10944225234921891,0.04,0.013459570288057107,1.0,0.98,0.9900000000000001,305.66692495255603,0.97731760959289
