beta,betaEI,gamma,eta,theta,Geo,RMSE,R2
100.0,0.5,0.04,0.0025777263681482786,1.0,0.98,651.7387047771577,0.896880938514844
