beta,betaEI,gamma,eta,theta,Geo,c1,RMSE,R2
100.0,0.3456325153255664,0.04,0.00820793486284355,1.0,0.98,0.9900000000000001,316.8867224151994,0.975379892913082
