beta,betaEI,gamma,eta,theta,Geo,RMSE,R2
100.0,0.5,0.04,0.0024112406884438374,1.0,0.98,1152.979142592253,0.6740696865073688
