beta,betaEI,gamma,eta,theta,Geo,RMSE,R2
50.0,0.5,0.2,0.007964660126041058,1.0,0.98,1343.7142380825157,0.557314099039989
