beta,gamma,gamma2,a1,a2,a3,h,Hiding_init,k,k2,eta,c1,metric1,metric2,r1,r2,reopen
10.819019148594702,0.04,0.04,0.4999927042185635,0.1431798349473117,0.03915810326082642,0.07142857142857142,0.6323598540913925,0.6675207018645593,0.11227495882802513,0.05,0.9600000000000001,0.07461365372812401,3.273628733466753,0.9934800934290313,0.9895580669478354,2020-07-07
