beta,gamma,eta,theta,Geo,RMSE,R2
26.56230697262596,0.2,0.013882020306513034,1.0,0.98,460.47322681887204,0.9770635725242512
