beta,gamma,gamma2,a1,a2,a3,h,Hiding_init,k,k2,eta,c1,metric1,metric2,r1,r2,reopen
5.942299480888767,0.04,0.04,0.5,0.04753631771693636,0.13950673930686608,0.07142857142857142,0.8681770078407824,2.0,0.19679849302233227,0.05,0.9,0.1256752496184827,0.5293859379680118,0.9887176368454048,0.9928994731293856,2020-06-20
