beta,betaEI,gamma,eta,theta,Geo,c1,RMSE,R2
100.0,0.5,0.048379607033298126,0.016900425800242962,1.0,0.98,0.9900000000000001,111.03215481152449,0.983308752587117
