beta,betaEI,gamma,eta,theta,Geo,c1,RMSE,R2
50.0,0.5,0.0803986427367734,0.026634454939154843,1.0,0.98,0.9900000000000001,122.23043669660153,0.9797721378704005
