beta,gamma,eta,theta,Geo,RMSE,R2
46.60833428595802,0.2,0.008043446580357558,1.0,0.98,283.0818186910435,0.978740360141534
