beta,betaEI,gamma,eta,theta,Geo,c1,RMSE,R2
31.87584257839659,0.1,0.04,0.04273640080945941,1.0,0.98,0.9900000000000001,105.99821898224012,0.9981005751766119
