beta,gamma,eta,theta,Geo,RMSE,R2
89.70244843641193,0.2,0.004848298254738535,1.0,0.98,60.26553907798777,0.9899137314965889
