beta,gamma,eta,theta,Geo,RMSE,R2
61.697638674768115,0.25,0.007641668286211543,1.0,0.98,1933.384547421385,0.9126785443137369
