beta,gamma,eta,theta,Geo,RMSE,R2
100.0,0.04,0.0029143672072243503,1.0,0.98,60.767853903140875,0.9793652155612438
