beta,gamma,gamma2,a1,a2,a3,h,Hiding_init,k,k2,eta,c1,metric1,metric2,r1,r2,reopen
7.758855813790941,0.04,0.04486765185936115,0.10596521370309603,0.01,0.15572273731039482,0.022780981372005644,1.03775113297207,0.10312290196018523,2.0,0.039335195913648334,0.9700000000000001,0.25566478803093656,1.9151997134548875,0.998234729439941,0.9856783046500123,2020-05-22
