beta,gamma,eta,theta,Geo,RMSE,R2
99.32800587758484,0.2,0.005340026524012944,1.0,0.98,221.470985926119,0.9815505501192068
