beta,betaEI,gamma,eta,theta,Geo,RMSE,R2
86.02369969699586,0.1,0.2,0.014842486543757872,1.0,0.98,154.1932024751704,0.9789505635560951
