beta,betaEI,gamma,eta,theta,Geo,c1,RMSE,R2
50.24279540791455,0.10502723218818918,0.04,0.05,1.0,0.98,0.9900000000000001,135.2686730633846,0.9838003931202641
