beta,betaEI,gamma,eta,theta,Geo,RMSE,R2
50.0,0.11111868589791579,0.04,0.014669051084292287,1.0,0.98,173.1814165295325,0.973447061401151
