beta,gamma,eta,theta,Geo,RMSE,R2
15.212074796861383,0.25,0.0229302185460735,1.0,0.98,882.3074219654216,0.9508548693819825
