beta,gamma,eta,theta,Geo,RMSE,R2
94.00412454565594,0.2,0.005592007370074512,1.0,0.98,325.61684527349746,0.9827479446943197
