beta,gamma,gamma2,a1,a2,a3,h,Hiding_init,k,k2,eta,c1,metric1,metric2,r1,r2,reopen
8.477734084481359,0.04,0.059469841373553906,0.5,0.1362274588211027,0.03377123969078267,0.07142857142857142,0.6099882169668805,1.195838335939359,0.10460413627125459,0.05,0.93,0.0808415809836313,1.0671698765459217,0.9944655087685581,0.9962806797287416,2020-06-26
