beta,gamma,eta,theta,Geo,RMSE,R2
21.769781683514527,0.25,0.016165694482076363,1.0,0.98,120.50437465981075,0.9986642159439002
