beta,gamma,eta,theta,Geo,RMSE,R2
100.0,0.2,0.004177169332024636,1.0,0.98,421.6021537652395,0.8577674750736781
