beta,gamma,eta,theta,Geo,RMSE,R2
26.488159744404847,0.2,0.019299673353206932,1.0,0.98,4426.751436365945,0.9440514349330046
