beta,gamma,gamma2,a1,a2,a3,h,Hiding_init,k,k2,eta,c1,metric1,metric2,r1,r2,reopen
11.143843427673898,0.04114819833900768,0.04097860715487083,0.5,0.049470623402506776,0.18748236126038034,0.07142857142857142,0.7950185720279291,0.879897544956216,0.5515126071981108,0.05,0.92,0.05826671606484653,5.6094750224694145,0.9919476785871816,0.9928501038866063,2020-07-19
