beta,betaEI,gamma,eta,theta,Geo,RMSE,R2
50.0,0.5,0.04,0.010737625516259553,1.0,0.98,3002.2409630783777,0.810309664599702
