beta,betaEI,gamma,eta,theta,Geo,c1,RMSE,R2
29.280492266762142,0.9240574452694988,0.09796963192337949,0.05,1.0,0.98,0.9900000000000001,234.53761676278546,0.9988423450649153
