beta,betaEI,gamma,eta,theta,Geo,RMSE,R2
100.0,0.3286110936577651,0.04,0.009389542044402571,1.0,0.98,1937.4707087184054,0.9210004890470964
