beta,gamma,eta,theta,Geo,RMSE,R2
100.0,0.2,0.0038413112374371438,1.0,0.98,39.5064436369133,0.995104147204474
