beta,gamma,eta,theta,Geo,RMSE,R2
91.57139759521485,0.2,0.004073944012050996,1.0,0.98,194.7204807111307,0.9763568627630476
