beta,gamma,eta,theta,Geo,RMSE,R2
46.231069665319,0.2,0.011329953822798753,1.0,0.98,1474.5291153298951,0.9502384835193229
