beta,gamma,eta,theta,Geo,RMSE,R2
78.54731022578521,0.25,0.0053415999586565975,1.0,0.98,977.0943804685486,0.8856664485325101
