beta,betaEI,gamma,eta,theta,Geo,RMSE,R2
50.0,0.5,0.04,0.00840476703033296,1.0,0.98,377.70954705408644,0.8923953097978724
