beta,betaEI,gamma,eta,theta,Geo,c1,RMSE,R2
71.87573171169947,0.4524098312097063,0.09103446942080384,0.029462686798333425,1.0,0.98,0.9900000000000001,64.37033984365253,0.9968747347651022
