beta,betaEI,gamma,eta,theta,Geo,RMSE,R2
91.55243818721111,0.5,0.2,0.00795611090855035,1.0,0.98,285.1417082920222,0.9386751109378862
