beta,gamma,eta,theta,Geo,RMSE,R2
28.032283101108284,0.2,0.013197628242072018,1.0,0.98,245.47953947894325,0.9917891506267149
