beta,betaEI,gamma,eta,theta,Geo,c1,RMSE,R2
78.60931038037407,0.5,0.09210450069260473,0.018641824567489213,1.0,0.98,0.9800000000000001,105.54603053913384,0.9989719505465957
