beta,gamma,eta,theta,Geo,RMSE,R2
100.0,0.2,0.003953457088377642,1.0,0.98,171.9880044224864,0.7731532051221838
