beta,gamma,gamma2,a1,a2,a3,h,Hiding_init,k,k2,eta,c1,metric1,metric2,r1,r2,reopen
7.717952669733786,0.04,0.05295305374570013,0.5,0.07953416856446723,0.09100403600260853,0.07142857142857142,0.4509265641249938,0.1,1.3383323821377593,0.05,0.9700000000000001,0.17448416354462393,0.1676078097355596,0.9799053548016444,0.9873365984196956,2020-06-10
