beta,gamma,eta,theta,Geo,RMSE,R2
100.0,0.2,0.004540469926308371,1.0,0.98,76.86600758652418,0.9902814823602826
