beta,betaEI,gamma,eta,theta,Geo,c1,RMSE,R2
91.96832854682567,0.20498022846819805,0.06018682318176703,0.05,1.0,0.98,0.9900000000000001,425.1829982967672,0.9992561141344449
