beta,betaEI,gamma,eta,theta,Geo,RMSE,R2
50.0,0.13829258460466554,0.04,0.0274148539146091,1.0,0.98,3433.5798166159907,0.9514880400206035
