beta,betaEI,gamma,eta,theta,Geo,c1,RMSE,R2
41.30991932852638,0.3448950712856681,0.04768192537748823,0.048678495441594735,1.0,0.98,0.9800000000000001,449.5803376873182,0.9991682953207042
