beta,betaEI,gamma,eta,theta,Geo,RMSE,R2
100.0,0.1,0.2,0.027684779129633026,1.0,0.98,2671.501576843512,0.9706326069213301
