beta,gamma,eta,theta,Geo,RMSE,R2
16.784081146032996,0.2,0.021117768419486864,1.0,0.98,79.72364304703919,0.9953699387133349
