beta,betaEI,gamma,eta,theta,Geo,c1,RMSE,R2
27.22975380420745,0.1,0.04,0.033916255265352725,1.0,0.98,0.9800000000000001,82.02147984471739,0.9985815584330675
