beta,betaEI,gamma,eta,theta,Geo,RMSE,R2
50.0,0.5,0.04,0.005134917490614665,1.0,0.98,5116.961787842986,0.805487621414075
