beta,betaEI,gamma,eta,theta,Geo,RMSE,R2
100.0,0.5,0.048474402442065766,0.00318955991643722,1.0,0.98,2521.195786627679,0.9527789062195016
