beta,betaEI,gamma,eta,theta,Geo,c1,RMSE,R2
9.532636239302015,0.5990664769946796,0.04118279583734845,0.043224191456249665,1.0,0.98,0.9900000000000001,825.8545858594683,0.994933243113025
