beta,gamma,gamma2,a1,a2,a3,h,Hiding_init,k,k2,eta,c1,metric1,metric2,r1,r2,reopen
4.870128355944021,0.04,0.04,0.5,0.044854421180189695,0.029851527778851028,0.01836301408380449,0.8351905384755673,1.764586227408328,0.34455394652108584,0.05,0.9,0.1697088456050222,0.5980115291503972,0.9962774798275085,0.9913852593926802,2020-06-10
