beta,betaEI,gamma,eta,theta,Geo,RMSE,R2
100.0,0.5,0.07097791088398626,0.003853147560553241,1.0,0.98,503.5746486921576,0.859266773283227
