beta,betaEI,gamma,eta,theta,Geo,RMSE,R2
50.0,0.5,0.04,0.005313012426062847,1.0,0.98,733.7982644708018,0.7011713114262239
