beta,betaEI,gamma,eta,theta,Geo,c1,RMSE,R2
50.0,0.5,0.04,0.019103979246235307,1.0,0.98,0.9900000000000001,170.05502814001662,0.9839510034572386
