beta,betaEI,gamma,eta,theta,Geo,c1,RMSE,R2
17.8254205656651,1.803523855579904,0.04,0.03101245674428117,1.0,0.98,0.9900000000000001,167.58550938389817,0.9844137421766497
