beta,gamma,gamma2,a1,a2,a3,h,Hiding_init,k,k2,eta,c1,metric1,metric2,r1,r2,reopen
6.21343755831728,0.04,0.09761788007451493,0.5,0.1018796941545546,0.07745331824369661,0.018591394225709035,2.499739084493635,0.38494983756744844,1.9965999684166842,0.03847655529844636,0.9500000000000001,0.18941406039102038,11.940890109536944,0.9941995808650614,0.9957382186572917,2020-06-10
