beta,gamma,eta,theta,Geo,RMSE,R2
100.0,0.2,0.00404854793419682,1.0,0.98,41.23793902708752,0.9936216948279264
