beta,gamma,eta,theta,Geo,RMSE,R2
100.0,0.2,0.0034911814779092763,1.0,0.98,274.4866894266878,0.9192197143501806
