beta,gamma,eta,theta,Geo,RMSE,R2
100.0,0.2,0.0038250565032936215,1.0,0.98,87.9785320350352,0.8985100759482251
