beta,gamma,eta,theta,Geo,RMSE,R2
24.793686166738546,0.2,0.021404082970085173,1.0,0.98,740.06749718172,0.9556426862667129
