beta,betaEI,gamma,eta,theta,Geo,c1,RMSE,R2
68.59563145432324,0.10788778083463127,0.19219575422166285,0.029729978547669775,1.0,0.98,0.9600000000000001,202.627600218052,0.9991190994937411
