beta,betaEI,gamma,eta,theta,Geo,c1,RMSE,R2
49.55297130915672,0.12997077134639526,0.2,0.03397526787094992,1.0,0.98,0.9600000000000001,196.08614597756304,0.9991750578790258
