beta,gamma,eta,theta,Geo,RMSE,R2
94.09409428892569,0.2,0.0036584590034076454,1.0,0.98,22.13472707888277,0.9986933831483001
