beta,betaEI,gamma,eta,theta,Geo,c1,RMSE,R2
44.023557714958436,0.5,0.2,0.026442737065170127,1.0,0.98,0.9,177.9265268046966,0.9952613563674969
