beta,betaEI,gamma,eta,theta,Geo,c1,RMSE,R2
42.438482481992466,0.5,0.2,0.02787547603887347,1.0,0.98,0.91,180.61594623164834,0.9951170213218525
