beta,betaEI,gamma,eta,theta,Geo,RMSE,R2
41.54592605050303,0.5,0.2,0.013193689055759416,1.0,0.98,448.2053908083049,0.9667550086417651
