beta,betaEI,gamma,eta,theta,Geo,c1,RMSE,R2
64.76470652386729,0.1112331404452332,0.12341090814917889,0.05,1.0,0.98,0.9900000000000001,67.77022371157484,0.9992399364400443
