beta,betaEI,gamma,eta,theta,Geo,RMSE,R2
100.0,0.1,0.17062986279444442,0.012904910291800418,1.0,0.98,386.11988294144976,0.9753273155349123
