beta,gamma,eta,theta,Geo,RMSE,R2
100.0,0.2,0.0039640226292873395,1.0,0.98,234.67112610925457,0.8490443544635466
