beta,gamma,eta,theta,Geo,RMSE,R2
100.0,0.25,0.004047409226816834,1.0,0.98,652.4627144979137,0.9177181245442801
