beta,gamma,gamma2,a1,a2,a3,h,Hiding_init,k,k2,eta,c1,metric1,metric2,r1,r2,reopen
10.703793167314684,0.04,0.05166793727997183,0.104275111749635,0.01,0.017060721818539806,0.07142857142857142,2.4109919736130685,0.5491231918401523,0.3532637969082542,0.02556164386838949,0.9800000000000001,0.1282119039502211,0.27525008951048596,0.999135052477993,0.9960991468005445,2020-06-10
