beta,gamma,eta,theta,Geo,RMSE,R2
100.0,0.25,0.0037844642299522543,1.0,0.98,866.0328607949867,0.9290233401796143
