beta,gamma,gamma2,a1,a2,a3,h,Hiding_init,k,k2,eta,c1,metric1,metric2,r1,r2,reopen
13.563463261142816,0.04,0.04,0.11069560149945012,0.01,0.024275777600588834,0.07142857142857142,0.8340788476937839,0.1864170228446005,1.6800283394927917,0.05,0.9,0.7245781965318125,170.98360851800618,0.8776740994009053,0.9929450501798276,2020-07-19
