beta,gamma,eta,theta,Geo,RMSE,R2
35.00394613410429,0.2,0.010068115448942934,1.0,0.98,347.1336286296678,0.9796287185400153
