beta,gamma,eta,theta,Geo,RMSE,R2
76.90608456758655,0.04,0.0036627079097793966,1.0,0.98,27.11715217007446,0.9988144718886842
