beta,gamma,eta,theta,Geo,RMSE,R2
58.51648433186746,0.25,0.006337991464763197,1.0,0.98,550.3642654914946,0.9672340182304642
