beta,betaEI,gamma,eta,theta,Geo,c1,RMSE,R2
24.031884660969894,0.2498714651949855,0.06968588918546276,0.05,1.0,0.98,0.9900000000000001,82.80251864061043,0.9990754343325228
