beta,gamma,gamma2,a1,a2,a3,h,Hiding_init,k,k2,eta,c1,metric1,metric2,r1,r2,reopen
6.0275366789773965,0.04536547240930264,0.060600897468478125,0.22682032026749618,0.05178686912479206,0.1505575736383675,0.07142857142857142,0.5202584534519631,1.2181214364696373,0.9456873981455073,0.05,0.9,0.12569136453461358,8.548503259436664,0.9978707744048141,0.9996528333971955,2020-07-05
