beta,gamma,eta,theta,Geo,RMSE,R2
60.67161338750958,0.2,0.006233497298576956,1.0,0.98,258.2061937362747,0.9671004217300916
