beta,gamma,eta,theta,Geo,RMSE,R2
46.623961114098684,0.2,0.008167803856007303,1.0,0.98,231.986155526995,0.9738840972138589
