beta,gamma,eta,theta,Geo,RMSE,R2
14.288977544789708,0.2,0.031521713908022234,1.0,0.98,1116.521845176228,0.957576058657819
