beta,gamma,eta,theta,Geo,RMSE,R2
100.0,0.2,0.003620789388443177,1.0,0.98,29.247763310380886,0.9927369223852096
