beta,betaEI,gamma,eta,theta,Geo,RMSE,R2
100.0,0.5,0.04,0.003057813729440467,1.0,0.98,725.4836402768271,0.919864660900463
