beta,betaEI,gamma,eta,theta,Geo,c1,RMSE,R2
87.39390467915793,0.2366398916003422,0.07534674806362772,0.014718176080661019,1.0,0.98,0.9900000000000001,75.3665854628018,0.9991351784333018
