beta,betaEI,gamma,eta,theta,Geo,RMSE,R2
50.0,0.5,0.04,0.004527697088640967,1.0,0.98,1677.543763376385,0.5715338180523761
