beta,betaEI,gamma,eta,theta,Geo,c1,RMSE,R2
100.0,0.1003910714388773,0.04,0.026423958468542046,1.0,0.98,0.9900000000000001,143.6283864841177,0.9941859918010376
