beta,gamma,eta,theta,Geo,RMSE,R2
100.0,0.13262217292280606,0.004774045887670386,1.0,0.98,270.3039463155523,0.98192164117942
