beta,gamma,eta,theta,Geo,RMSE,R2
81.64382006562242,0.2,0.0038422523107744166,1.0,0.98,15.770528551346416,0.9831054778152395
