beta,gamma,eta,theta,Geo,RMSE,R2
77.00502391692982,0.2,0.006199122526907813,1.0,0.98,74.83803128374782,0.9960241149045213
