beta,gamma,eta,theta,Geo,RMSE,R2
12.545878587027822,0.2,0.039074017006936045,1.0,0.98,924.6033726455817,0.9618845874901323
