beta,gamma,eta,theta,Geo,RMSE,R2
44.958492548941706,0.2,0.009591125597437173,1.0,0.98,65.25039594880323,0.9947628937889561
