beta,gamma,eta,theta,Geo,RMSE,R2
100.0,0.04,0.0029510860613164974,1.0,0.98,126.23581963789272,0.9595575247612511
