beta,gamma,eta,theta,Geo,RMSE,R2
100.0,0.04,0.0036367485287969103,1.0,0.98,89.52804883635814,0.9761183401851289
