beta,betaEI,gamma,eta,theta,Geo,c1,RMSE,R2
41.589773159796536,0.2559309873663811,0.12579333218914907,0.05,1.0,0.98,0.9700000000000001,136.84739931631054,0.999350891813157
