beta,betaEI,gamma,eta,theta,Geo,RMSE,R2
50.0,0.13826511692904875,0.04,0.024373070822442718,1.0,0.98,973.0318267159358,0.9671830601195822
