beta,betaEI,gamma,eta,theta,Geo,c1,RMSE,R2
100.0,0.18893187309613493,0.0890638103187769,0.05,1.0,0.98,0.9900000000000001,260.2518648895706,0.997652358974081
