beta,betaEI,gamma,eta,theta,Geo,RMSE,R2
99.60053143217186,0.1,0.2,0.02478133149982377,1.0,0.98,719.3974061478131,0.9820616817334346
