beta,betaEI,gamma,eta,theta,Geo,c1,RMSE,R2
80.58825611936759,0.5,0.13705921407226046,0.02951813518215556,1.0,0.98,0.9900000000000001,61.64441840597436,0.9949368486706894
