beta,gamma,eta,theta,Geo,RMSE,R2
100.0,0.04,0.003654253381539409,1.0,0.98,226.22300033037374,0.9581248412243143
