beta,gamma,gamma2,a1,a2,a3,h,Hiding_init,k,k2,eta,c1,metric1,metric2,r1,r2,reopen
24.63948594907163,0.04369743601446191,0.04,0.5,0.07031440317079853,0.10284275541669499,0.07142857142857142,1.259274209345585,1.99993762885915,0.1,0.030221020841461037,0.9400000000000001,0.3920869230969532,1.3140996212748761,0.9873178737452892,0.9960938890411782,2020-06-05
