beta,gamma,eta,theta,Geo,RMSE,R2
30.305376025448048,0.2,0.017436964883940323,1.0,0.98,568.4237824069744,0.9797967984771595
