beta,gamma,gamma2,a1,a2,a3,h,Hiding_init,k,k2,eta,c1,metric1,metric2,r1,r2,reopen
8.280872857474769,0.040008484654581844,0.1894945166512847,0.0192523288413786,0.02393018269197019,0.15918008410874102,0.007959033573704203,2.743623718522638,0.1,1.9966135953818993,0.04738138598316176,0.9700000000000001,0.1603760314062723,24.891641711800066,0.997844365157771,0.9962304037802842,2020-05-12
