beta,betaEI,gamma,eta,theta,Geo,c1,RMSE,R2
99.44148497947837,0.33247599454894927,0.04,0.014038407965064562,1.0,0.98,0.9900000000000001,169.5306669581721,0.9840498243673984
