beta,gamma,eta,theta,Geo,RMSE,R2
27.436762146839758,0.2,0.01896921681176755,1.0,0.98,539.2734854613008,0.9764171804329665
