beta,gamma,gamma2,a1,a2,a3,h,Hiding_init,k,k2,eta,c1,metric1,metric2,r1,r2,reopen
5.149922674307725,0.04,0.04670614296182811,0.08393960435407254,0.01,0.09811491018551281,0.04027880523975796,0.9090932247173885,0.1533137528392651,2.0,0.04375156583379436,0.9800000000000001,0.2529208689421929,2.431295581472469,0.9982399229772477,0.9958573838549151,2020-05-31
