beta,betaEI,gamma,eta,theta,Geo,c1,RMSE,R2
98.63472172602879,0.13580421526785308,0.04,0.017999293114006307,1.0,0.98,0.9900000000000001,114.38769393713503,0.9908649186155426
