beta,betaEI,gamma,eta,theta,Geo,RMSE,R2
87.47113753398591,0.5,0.2,0.005509855216551945,1.0,0.98,296.57543030594627,0.9385921135669836
