beta,betaEI,gamma,eta,theta,Geo,RMSE,R2
50.0,0.5,0.04,0.005360544670519691,1.0,0.98,362.10132221776786,0.908459341379317
