beta,gamma,eta,theta,Geo,RMSE,R2
100.0,0.04,0.003973600374241862,1.0,0.98,38.00754974274621,0.9922907382997348
