beta,gamma,eta,theta,Geo,RMSE,R2
100.0,0.04698484131085993,0.0025221106607310607,1.0,0.98,376.2060146015424,0.926249216944803
