beta,gamma,eta,theta,Geo,RMSE,R2
100.0,0.2,0.003377329779097082,1.0,0.98,49.48713849717368,0.9246247633576281
