beta,gamma,eta,theta,Geo,RMSE,R2
100.0,0.2,0.004123984154548497,1.0,0.98,53.016439132969836,0.9592085878197836
