beta,betaEI,gamma,eta,theta,Geo,c1,RMSE,R2
50.0,0.5,0.17190221757634366,0.04061642772781333,1.0,0.98,0.9900000000000001,64.21443678541851,0.9945058723638976
