beta,betaEI,gamma,eta,theta,Geo,c1,RMSE,R2
91.41597101710612,1.7071194395272697,0.04,0.009240574032230072,1.0,0.98,0.92,52.53189041240668,0.9963231200694261
