beta,betaEI,gamma,eta,theta,Geo,RMSE,R2
50.0,0.5,0.04,0.008167597293310696,1.0,0.98,456.33608736932,0.7225383160294518
