beta,betaEI,gamma,eta,theta,Geo,RMSE,R2
100.0,0.5,0.043122962391882576,0.006675300340636674,1.0,0.98,239.14285257626193,0.9238011881400414
