beta,gamma,eta,theta,Geo,RMSE,R2
59.179586340013465,0.25,0.006517257827329793,1.0,0.98,294.9549114215287,0.9729120175403679
