beta,betaEI,gamma,eta,theta,Geo,c1,RMSE,R2
9.884832170864792,0.4835096363802592,0.1409670236194265,0.05,1.0,0.98,0.91,256.8719839956143,0.993221946445769
