beta,betaEI,gamma,eta,theta,Geo,c1,RMSE,R2
42.24465508945059,0.1,0.04,0.05,1.0,0.98,0.9900000000000001,456.83369452583605,0.9785618269214235
