beta,betaEI,gamma,eta,theta,Geo,RMSE,R2
83.4175067495819,0.1,0.2,0.01406804363968706,1.0,0.98,295.0475843154012,0.9910575680853522
