beta,betaEI,gamma,eta,theta,Geo,RMSE,R2
35.23439002003255,0.5,0.2,0.014476017115116613,1.0,0.98,337.37713990625076,0.9883076227251166
