beta,betaEI,gamma,eta,theta,Geo,c1,RMSE,R2
26.93999145388756,0.4201940064946965,0.12272128399694536,0.04268785248080772,1.0,0.98,0.9600000000000001,140.54087079154752,0.9995419287067603
