beta,gamma,eta,theta,Geo,RMSE,R2
92.79949904635767,0.2,0.0036800121236791467,1.0,0.98,504.3679456094132,0.9382429018723825
