beta,gamma,eta,theta,Geo,RMSE,R2
23.324078239361786,0.2,0.01560883524948107,1.0,0.98,458.4914767001637,0.98237159994243
