beta,betaEI,gamma,eta,theta,Geo,c1,RMSE,R2
71.49770871355985,0.5,0.04,0.023433619581149527,1.0,0.98,0.9900000000000001,38.491904695169694,0.9980767210701421
