beta,betaEI,gamma,eta,theta,Geo,c1,RMSE,R2
31.96616632195798,0.3469234602204016,0.08987196678820658,0.05,1.0,0.98,0.9900000000000001,56.5363045572763,0.9978521059170389
