beta,betaEI,gamma,eta,theta,Geo,RMSE,R2
50.0,0.5,0.13574009744642476,0.010642382685314526,1.0,0.98,276.86403155810046,0.948490052987155
