beta,betaEI,gamma,eta,theta,Geo,RMSE,R2
100.0,0.11062911846280335,0.04,0.010905206003519881,1.0,0.98,220.33056239798242,0.9673782307099347
