beta,gamma,gamma2,a1,a2,a3,h,Hiding_init,k,k2,eta,c1,metric1,metric2,r1,r2,reopen
7.303857985050555,0.07883810292342978,0.19816720211876093,0.499944986216367,0.04769812252501657,0.15369651369832374,0.012342550081068224,0.895627715043023,0.33186387077029406,1.6709252720137568,0.049997371808477,0.91,0.3437401901741065,15.67274372765842,0.9858601156460309,0.9905727442756674,2020-06-03
