beta,betaEI,gamma,eta,theta,Geo,c1,RMSE,R2
50.0,0.5,0.06338192947784946,0.038090005093221996,1.0,0.98,0.9900000000000001,109.15159435112007,0.9983282894400295
