beta,betaEI,gamma,eta,theta,Geo,c1,RMSE,R2
85.85263208920004,0.5,0.04,0.0272848219244947,1.0,0.98,0.9900000000000001,82.90890071015033,0.9990354977788142
