beta,gamma,eta,theta,Geo,RMSE,R2
61.26360994845389,0.2,0.005779798666634424,1.0,0.98,132.00285683550376,0.9754284066499594
