beta,betaEI,gamma,eta,theta,Geo,c1,RMSE,R2
100.0,0.18211437802706174,0.06627104924556151,0.015257019611726375,1.0,0.98,0.9900000000000001,29.49261654326982,0.9989768563403697
