beta,gamma,eta,theta,Geo,RMSE,R2
33.17402333122997,0.25,0.011309303663343453,1.0,0.98,6084.316074278922,0.9391664969629123
