beta,gamma,eta,theta,Geo,RMSE,R2
48.722981784755,0.2,0.009304191825558797,1.0,0.98,37.689124022954374,0.9980545540095679
