beta,betaEI,gamma,eta,theta,Geo,c1,RMSE,R2
88.56020600935284,0.2573623241676077,0.04,0.021567216337591136,1.0,0.98,0.9900000000000001,214.219868026448,0.9931568348476222
