beta,betaEI,gamma,eta,theta,Geo,RMSE,R2
86.81698045682391,0.5,0.2,0.007149685201134275,1.0,0.98,813.2544790367687,0.9013742192517527
