beta,betaEI,gamma,eta,theta,Geo,RMSE,R2
50.0,0.5,0.04,0.0073529290538154055,1.0,0.98,933.9787916840879,0.8699196922529144
