beta,gamma,eta,theta,Geo,RMSE,R2
23.128086391714604,0.2,0.017318897753789534,1.0,0.98,308.9238179858495,0.9913662895443217
