beta,betaEI,gamma,eta,theta,Geo,RMSE,R2
73.96241847087617,0.1,0.2,0.0365017893794455,1.0,0.98,661.258980208328,0.9805045688685387
