beta,betaEI,gamma,eta,theta,Geo,c1,RMSE,R2
100.0,0.30191791835574194,0.04,0.05,1.0,0.98,0.9900000000000001,538.2683601356775,0.9870822349116789
