beta,betaEI,gamma,eta,theta,Geo,RMSE,R2
50.0,0.1,0.04109127750542024,0.03718995487401894,1.0,0.98,711.5881363355451,0.9774239958853556
