beta,betaEI,gamma,eta,theta,Geo,c1,RMSE,R2
100.0,0.11416434433558349,0.04,0.027753171189843398,1.0,0.98,0.9900000000000001,76.74030022201109,0.9984296459838097
