beta,betaEI,gamma,eta,theta,Geo,RMSE,R2
50.0,0.5,0.18318275034502163,0.010195187643762267,1.0,0.98,424.5727806518313,0.9519321299947442
