beta,betaEI,gamma,eta,theta,Geo,RMSE,R2
100.0,0.1,0.08241094024238049,0.009745519004604717,1.0,0.98,396.3293873146987,0.9581145550256736
