beta,gamma,eta,theta,Geo,RMSE,R2
67.4085104068519,0.2,0.006637957795860006,1.0,0.98,83.22418679574733,0.9909732318643513
