beta,gamma,gamma2,a1,a2,a3,h,Hiding_init,k,k2,eta,c1,metric1,metric2,r1,r2,reopen
9.131222794646392,0.10996062327373976,0.19961891823926584,0.03289640277319016,0.010182581729224928,0.18084407074233783,0.010189913939039296,0.5817949297680719,0.1,1.1019390635923234,0.04929650835095355,0.9,0.21039797468893906,0.443864203593368,0.9986459100973913,0.9968033666636384,2020-05-23
