beta,betaEI,gamma,eta,theta,Geo,RMSE,R2
50.0,0.5,0.04,0.004801862848319351,1.0,0.98,454.2306100977717,0.7573038964945982
