beta,betaEI,gamma,eta,theta,Geo,RMSE,R2
100.0,0.5,0.04,0.0031678493958171745,1.0,0.98,198.16032305519673,0.9538104839475379
