beta,betaEI,gamma,eta,theta,Geo,c1,RMSE,R2
56.29667995097016,0.26162291010427163,0.05231193283724385,0.01838877311265806,1.0,0.98,0.9900000000000001,30.052430463185424,0.9989376461144746
