beta,betaEI,gamma,eta,theta,Geo,c1,RMSE,R2
50.0,0.2835033047340814,0.05032899851315153,0.019209087461706475,1.0,0.98,0.9900000000000001,30.203711856372703,0.998926923594887
