beta,betaEI,gamma,eta,theta,Geo,RMSE,R2
100.0,0.5,0.17323200543521192,0.004511685212034824,1.0,0.98,170.29018171590224,0.9591072915348198
