beta,betaEI,gamma,eta,theta,Geo,RMSE,R2
50.0,0.5,0.04,0.0050182867816007315,1.0,0.98,283.3237178322487,0.8868036241149735
