beta,betaEI,gamma,eta,theta,Geo,c1,RMSE,R2
79.2902853267473,0.17556574477178657,0.04,0.017524825333165628,1.0,0.98,0.9900000000000001,41.79887887685243,0.997536254039678
