beta,betaEI,gamma,eta,theta,Geo,c1,RMSE,R2
40.30627379087748,0.30128545603369183,0.08306612418594564,0.028221114016535712,1.0,0.98,0.9700000000000001,74.01646579816799,0.9995474320386392
