beta,betaEI,gamma,eta,theta,Geo,c1,RMSE,R2
19.089086721386263,0.1,0.04,0.04988333542106863,1.0,0.98,0.9900000000000001,119.39503989604849,0.9949565405061432
