beta,betaEI,gamma,eta,theta,Geo,c1,RMSE,R2
19.089291161950545,0.1,0.04,0.04988302222798159,1.0,0.98,0.9900000000000001,119.39503995602756,0.994956540501076
