beta,gamma,eta,theta,Geo,RMSE,R2
63.697391251813684,0.2,0.0075932218360589155,1.0,0.98,57.45699206634595,0.9922518351225428
