beta,gamma,gamma2,a1,a2,a3,h,Hiding_init,k,k2,eta,c1,metric1,metric2,r1,r2,reopen
12.535014662108805,0.04,0.04,0.5,0.13125871251252888,0.13144710199629542,0.07142857142857142,0.6464280917396673,2.0,2.0,0.04641425197997503,0.9700000000000001,0.04630106260002483,1.206480140074854,0.9987608595709466,0.9826877338487947,2020-06-22
