beta,gamma,eta,theta,Geo,RMSE,R2
100.0,0.2,0.0040880450689047216,1.0,0.98,239.94387000214053,0.8455274795328936
