beta,gamma,eta,theta,Geo,RMSE,R2
100.0,0.2,0.004300307146949152,1.0,0.98,102.95347017178966,0.9542498485885081
