beta,betaEI,gamma,eta,theta,Geo,RMSE,R2
50.0,0.5,0.2,0.007962783815210393,1.0,0.98,580.4785257698842,0.7733301124949257
