beta,betaEI,gamma,eta,theta,Geo,RMSE,R2
100.0,0.5,0.04,0.002474168772081252,1.0,0.98,433.4125850558928,0.8736356555762912
