beta,betaEI,gamma,eta,theta,Geo,c1,RMSE,R2
50.0,0.19299787225976653,0.04,0.015251704231187255,1.0,0.98,0.9900000000000001,144.4689752913896,0.9859598839443866
