beta,betaEI,gamma,eta,theta,Geo,c1,RMSE,R2
100.0,0.1274035510044289,0.04,0.011621371872892335,1.0,0.98,0.9900000000000001,134.06053248505916,0.9879100809475724
