beta,gamma,eta,theta,Geo,RMSE,R2
63.74035587470435,0.2,0.006008531921015534,1.0,0.98,363.0050130073152,0.9451698968072081
