beta,gamma,eta,theta,Geo,RMSE,R2
54.293355926379995,0.2,0.009344951225568866,1.0,0.98,137.93591268938877,0.9960227593094311
