beta,gamma,eta,theta,Geo,RMSE,R2
30.135128845762104,0.2,0.018778281814436113,1.0,0.98,1576.2221776652475,0.9763706081612136
