beta,gamma,eta,theta,Geo,RMSE,R2
56.70480373095242,0.2,0.006675398247402332,1.0,0.98,147.4455555281312,0.9727022298802026
