beta,gamma,eta,theta,Geo,RMSE,R2
38.48095772727784,0.2,0.011727887703335615,1.0,0.98,501.032419345189,0.9618958316389961
