beta,gamma,eta,theta,Geo,RMSE,R2
19.93215955392715,0.2,0.015616053408770186,1.0,0.98,50.866388321223056,0.9976013636090636
