beta,betaEI,gamma,eta,theta,Geo,c1,RMSE,R2
100.0,0.21386829685104197,0.09887066041585807,0.03566871985534132,1.0,0.98,0.9900000000000001,257.8079960504945,0.9991777037609173
