beta,gamma,eta,theta,Geo,RMSE,R2
28.788465071796786,0.2,0.018160192487068565,1.0,0.98,462.2026787901423,0.9777829564316111
