beta,gamma,eta,theta,Geo,RMSE,R2
94.16829652697471,0.2,0.00469726059754923,1.0,0.98,12.609688715713745,0.9993769524661177
