beta,gamma,eta,theta,Geo,RMSE,R2
100.0,0.2,0.0033271425917289666,1.0,0.98,54.60781994741235,0.9692240098796037
