beta,gamma,eta,theta,Geo,RMSE,R2
23.509410381029934,0.2,0.018585256956031037,1.0,0.98,973.4051132923111,0.9651585500393577
