beta,gamma,eta,theta,Geo,RMSE,R2
45.91466058049823,0.2,0.007231265596008883,1.0,0.98,96.26282774084825,0.9856376322823119
