beta,gamma,eta,theta,Geo,RMSE,R2
100.0,0.2,0.003624618560129751,1.0,0.98,493.05238329468654,0.6429256111971892
