beta,gamma,gamma2,a1,a2,a3,h,Hiding_init,k,k2,eta,c1,metric1,metric2,r1,r2,reopen
7.1598763909224346,0.04,0.04,0.25583423613540174,0.03176888770121573,0.19029620766776742,0.07142857142857142,0.8812790498128439,1.9985626816937225,0.45426030320616984,0.05,0.9,0.09622302837950497,9.92890043731146,0.9919784403024716,0.9957338069837429,2020-06-30
