beta,gamma,eta,theta,Geo,RMSE,R2
32.223033963522916,0.2,0.012866153483276476,1.0,0.98,155.61975769918277,0.9952804527346323
