beta,gamma,eta,theta,Geo,RMSE,R2
40.078104012054524,0.2,0.014056288594793723,1.0,0.98,2966.7251870602927,0.950393234675669
