beta,betaEI,gamma,eta,theta,Geo,RMSE,R2
100.0,0.11743833109134214,0.04,0.010087516146549007,1.0,0.98,447.8663635309691,0.9338395670798143
