beta,betaEI,gamma,eta,theta,Geo,c1,RMSE,R2
90.24487667692202,0.27210447265194726,0.04,0.025279234332858627,1.0,0.98,0.9900000000000001,78.49827496869769,0.9979675415711363
