beta,betaEI,gamma,eta,theta,Geo,c1,RMSE,R2
50.0,0.3692735132829841,0.04,0.03220231659968255,1.0,0.98,0.9900000000000001,79.70827515437908,0.9979044005875822
