beta,betaEI,gamma,eta,theta,Geo,RMSE,R2
50.0,0.5,0.09724074179117191,0.009732240609361884,1.0,0.98,513.3907442503835,0.913064428255734
