beta,gamma,eta,theta,Geo,RMSE,R2
43.94972596364861,0.2,0.010202226468168102,1.0,0.98,337.2416829863154,0.9763050371601699
