beta,gamma,eta,theta,Geo,RMSE,R2
27.030967162783167,0.2,0.02061503413843405,1.0,0.98,2159.357163572687,0.9583574489330449
