beta,betaEI,gamma,eta,theta,Geo,RMSE,R2
49.1804815647451,0.5,0.2,0.013385583443844341,1.0,0.98,1119.5540091870992,0.948862692291844
