beta,betaEI,gamma,eta,theta,Geo,RMSE,R2
100.0,0.1,0.051983634443468506,0.013593138753419217,1.0,0.98,881.949258581629,0.9682652589185982
