beta,betaEI,gamma,eta,theta,Geo,c1,RMSE,R2
82.29525952271052,0.1317605566165277,0.17292022171685287,0.05,1.0,0.98,0.9900000000000001,221.8140757384623,0.9979926367724946
