beta,gamma,eta,theta,Geo,RMSE,R2
21.36095481172484,0.25,0.023372419522298602,1.0,0.98,1284.1227311856758,0.9666062581366808
