beta,gamma,eta,theta,Geo,RMSE,R2
26.10792501543863,0.20545302012105204,0.01825403125147378,1.0,0.98,540.975819766151,0.9599280304544615
