beta,gamma,eta,theta,Geo,RMSE,R2
14.750802749248678,0.25,0.033670606250467396,1.0,0.98,1341.296615114845,0.9658430796611539
