beta,gamma,eta,theta,Geo,RMSE,R2
84.52842902678488,0.2,0.004379633384885519,1.0,0.98,1919.3002651577256,0.972634162505886
