beta,gamma,eta,theta,Geo,RMSE,R2
49.10568555915862,0.2,0.008049929175849884,1.0,0.98,72.80302975826322,0.9959318457426625
