beta,gamma,eta,theta,Geo,RMSE,R2
40.19085797341241,0.2,0.012800089669396204,1.0,0.98,223.97938934284778,0.9964328161058448
