beta,gamma,eta,theta,Geo,RMSE,R2
77.72771642129274,0.2,0.007833504198127087,1.0,0.98,799.1973514724929,0.9774176009089877
