beta,betaEI,gamma,eta,theta,Geo,c1,RMSE,R2
98.81422679597839,0.22027335662055778,0.09043721183955732,0.04126725884462523,1.0,0.98,0.9900000000000001,379.8950700927699,0.9995879537232311
