beta,betaEI,gamma,eta,theta,Geo,c1,RMSE,R2
50.0,0.3448585835521212,0.06871053859353295,0.05,1.0,0.98,0.9900000000000001,461.7149677423173,0.9993913514580615
