beta,betaEI,gamma,eta,theta,Geo,RMSE,R2
98.07311213436894,0.10674960635284131,0.04206565386356519,0.018680553655002104,1.0,0.98,3755.994775138669,0.9597219313608271
