beta,betaEI,gamma,eta,theta,Geo,RMSE,R2
49.60743010253776,0.5,0.2,0.01741370174180088,1.0,0.98,5172.876582754438,0.9236018376161054
