beta,gamma,gamma2,a1,a2,a3,h,Hiding_init,k,k2,eta,c1,metric1,metric2,r1,r2,reopen
26.476453964230707,0.04,0.04,0.49999940316726155,0.09071850169308797,0.03047706468772072,0.07142857142857142,1.3062190440901142,2.0,0.10502850301147114,0.019346364180800556,0.9800000000000001,0.2519608790633177,0.17802269429404677,0.9795275825329207,0.9910185340586811,2020-06-08
