beta,gamma,eta,theta,Geo,RMSE,R2
100.0,0.2,0.00404566916949109,1.0,0.98,113.05060321079777,0.8821270949854517
