beta,gamma,eta,theta,Geo,RMSE,R2
100.0,0.2,0.0038944697023504554,1.0,0.98,336.3064161808886,0.8272529048278889
