beta,betaEI,gamma,eta,theta,Geo,RMSE,R2
50.0,0.5,0.1890291387286619,0.010342350617224046,1.0,0.98,330.2937221067905,0.9651780612903824
