beta,betaEI,gamma,eta,theta,Geo,RMSE,R2
99.39152850881506,0.1,0.0793803065548316,0.009853511735336764,1.0,0.98,306.1911056575397,0.9700747732018078
