beta,betaEI,gamma,eta,theta,Geo,c1,RMSE,R2
100.0,0.10436097800179375,0.06658937436119317,0.03174098550330954,1.0,0.98,0.9900000000000001,34.62680602712742,0.9996172835084178
