beta,gamma,gamma2,a1,a2,a3,h,Hiding_init,k,k2,eta,c1,metric1,metric2,r1,r2,reopen
12.935968496161555,0.04,0.04,0.5,0.13944729065649128,0.19531376454281943,0.07142857142857142,0.681140059591464,0.10340410098680584,1.3057093343979866,0.05,0.93,0.07815532187621277,0.1441796843450582,0.9839801596657823,0.9831677992501126,2020-07-19
