CITY,POP,AREA,DENS
New York,8336817,467.94,17815.99564
Chicago,2693976,234,11512.71795
