beta,gamma,eta,theta,Geo,RMSE,R2
100.0,0.2,0.0038119742180663875,1.0,0.98,533.7888928418905,0.7661256711088582
