beta,gamma,gamma2,a1,a2,a3,h,Hiding_init,k,k2,eta,c1,metric1,metric2,r1,r2,reopen
8.144523763354092,0.04,0.05130379910835278,0.5,0.16014458942048881,0.07901514407311983,0.07142857142857142,0.753648803810804,1.8898772697474233,0.35733826319489975,0.04981639772179218,0.9500000000000001,0.13143600990293297,9.750912237836104,0.9924948728848806,0.9946518953972021,2020-06-22
