beta,gamma,eta,theta,Geo,RMSE,R2
57.00447734317425,0.25,0.0063658939200991835,1.0,0.98,186.92269320889824,0.980888975942519
