beta,betaEI,gamma,eta,theta,Geo,c1,RMSE,R2
50.0,0.1731259984392036,0.04,0.03209375521831712,1.0,0.98,0.9900000000000001,54.84082556732073,0.9982381103498894
