beta,betaEI,gamma,eta,theta,Geo,c1,RMSE,R2
100.0,0.1297763650455052,0.04,0.024524472104913295,1.0,0.98,0.9900000000000001,52.79311279732978,0.9983672290088071
